-- phpMyAdmin SQL Dump
-- version 4.9.0.1
-- https://www.phpmyadmin.net/
--
-- Host: 127.0.0.1
-- Generation Time: Nov 21, 2019 at 11:35 AM
-- Server version: 10.4.6-MariaDB
-- PHP Version: 7.3.9

SET SQL_MODE = "NO_AUTO_VALUE_ON_ZERO";
SET AUTOCOMMIT = 0;
START TRANSACTION;
SET time_zone = "+00:00";


/*!40101 SET @OLD_CHARACTER_SET_CLIENT=@@CHARACTER_SET_CLIENT */;
/*!40101 SET @OLD_CHARACTER_SET_RESULTS=@@CHARACTER_SET_RESULTS */;
/*!40101 SET @OLD_COLLATION_CONNECTION=@@COLLATION_CONNECTION */;
/*!40101 SET NAMES utf8mb4 */;

--
-- Database: `price_comparison`
--

-- --------------------------------------------------------

--
-- Table structure for table `category`
--

CREATE TABLE `category` (
  `category_id` int(11) NOT NULL,
  `category_name` text NOT NULL,
  `category_image` text NOT NULL
) ENGINE=InnoDB DEFAULT CHARSET=latin1;

--
-- Dumping data for table `category`
--

INSERT INTO `category` (`category_id`, `category_name`, `category_image`) VALUES
(1, 'whole milk', 'cooming soon'),
(2, 'semi skimmed milk', 'cooming soon'),
(3, 'cathedral city cheese', 'coming soon'),
(5, 'philadelphia soft cheese', 'coming soon'),
(6, 'white bread', 'soon'),
(7, 'wholemeal bread', 'soon'),
(8, 'tropicana orange juice', 'soon'),
(9, 'tropicana apple juice', 'soon'),
(10, 'ocean spray cranberry juice', 'soon'),
(11, 'innocent orange juice', 'soon'),
(12, 'innocent tropical juice', 'soon'),
(13, 'innocent apple & mango juice', 'soon'),
(14, 'laughing cow cheese', 'soon'),
(15, 'activia yougurt', 'soon'),
(16, 'actimel yogurt drink', 'soon'),
(17, 'light & free greek style yougurt', 'soon'),
(18, 'oykos greek style ', 'soon'),
(19, 'anchor butter', 'soon'),
(20, 'lurpak butter', 'soon');

-- --------------------------------------------------------

--
-- Table structure for table `product`
--

CREATE TABLE `product` (
  `product_id` int(11) NOT NULL,
  `product_name` text NOT NULL,
  `product_keywords` text NOT NULL,
  `category_id` int(11) NOT NULL,
  `product_volume` varchar(45) NOT NULL
) ENGINE=InnoDB DEFAULT CHARSET=latin1;

--
-- Dumping data for table `product`
--

INSERT INTO `product` (`product_id`, `product_name`, `product_keywords`, `category_id`, `product_volume`) VALUES
(1, 'whole milk 1 pint', 'whole,milk,1 pint', 1, '1 pint'),
(2, 'whole milk 2 pint', 'whole,milk,2 pint', 1, '2 pint'),
(3, 'whole milk 4 pint', 'whole,milk,4 pint', 1, '4 pint'),
(4, 'whole milk 6 pint', 'whole,milk,6 pint', 1, '6 pint'),
(5, 'semi skimmed milk 1 pint', 'semi skimmed,milk,1 pint', 2, '1 pint'),
(6, 'semi skimmed milk 2 pint', 'semi skimmed,milk,2 pint', 2, '2 pint'),
(7, 'semi skimmed milk 4 pint', 'semi skimmed,milk,4 pint', 2, '4 pint'),
(8, 'semi skimmed milk 6 pint', 'semi skimmed,milk,6 pint', 2, '6 pint'),
(9, 'cathedral cheese mature', 'cathedral city mature,350', 3, '350g'),
(10, 'cathedral cheese lighter', 'cathedral city lighter,350', 3, '350g'),
(11, 'cathedral cheese extra mature', 'cathedral city extra mature,350', 3, '350g'),
(20, 'philadelphia soft cheese', 'philadelphia,soft cheese,170', 5, '170g'),
(21, 'philadelphia soft cheese', 'philadelphia,soft cheese,180', 5, '180g'),
(22, 'philadelphia soft cheese', 'philadelphia,soft cheese,340', 5, '340g'),
(23, 'white bread', 'white,bread,800', 6, '800g'),
(24, 'wholemeal bread', 'wholemeal,bread,800', 7, '800g'),
(25, 'white bread', 'white,bread,400', 6, '400g'),
(26, 'wholemeal bread', 'wholemeal,bread,400', 7, '400g'),
(27, 'tropicana orange juice', 'tropicana,orange,950', 8, '950ml'),
(28, 'tropicana orange juice', 'tropicana,orange,300', 8, '300ml'),
(29, 'tropicana apple juice', 'tropicana,apple,950', 9, '950ml'),
(30, 'ocean spray cranberry juice', 'ocean spray,cranberry,1', 10, '1L'),
(31, 'innocent orange juice', 'innocent,orange,1.35', 11, '1.35'),
(32, 'innocent tropical juice', 'innocent,tropical,1.35', 12, '1.35'),
(33, 'innocent apple & mango juice', 'innocent,apple & mango,1.35', 13, '1.35'),
(34, 'laughing cow cheese', 'laughing cow,cheese,280', 14, '280g'),
(35, 'laughing cow cheese', 'laughing cow,cheese,140', 14, '140g'),
(36, 'activia yougurt', 'activia,8,120', 15, '8x120g'),
(37, 'activia yougurt', 'activia,4,120', 15, '4x120g'),
(38, 'activia yougurt', 'activia,4,110', 15, '4x110g'),
(39, 'actimel yogurt drink', 'actimel,yogurt drink,12,100', 16, '12x100g'),
(40, 'actimel yogurt drink', 'actimel,yogurt drink,8,100', 16, '8x100g'),
(41, 'light & free greek style yougurt', 'light & free,yougurt,4,115', 17, '4x115g'),
(42, 'oykos greek style ', 'oykos,greek,style,4,110 ', 18, '4x110g'),
(43, 'anchor salted butter', 'anchor,250', 19, '250g'),
(44, 'anchor unsalted  butter', 'anchor unsalted,250', 19, '250g'),
(45, 'anchor spreadable', 'anchor spreadable,500', 19, '500g'),
(46, 'anchor spreadable', 'anchor spreadable,250', 19, '250g'),
(47, 'lurpak salted butter', 'lurpack,salted,250', 20, '250g'),
(48, 'lurpak unsalted butter', 'lurpack,unsalted,250', 20, '250g'),
(49, 'lurpak spreadable', 'lurpak,spreadable,250', 20, '250g'),
(50, 'lurpak spreadable', 'lurpak,spreadable,500', 20, '500g');

-- --------------------------------------------------------

--
-- Table structure for table `product_price`
--

CREATE TABLE `product_price` (
  `price_id` int(11) NOT NULL,
  `product_id` int(11) NOT NULL,
  `supermarket_id` int(11) NOT NULL,
  `price_source` text NOT NULL,
  `product_price` double NOT NULL,
  `product_description` text NOT NULL,
  `product_volume` varchar(45) DEFAULT NULL,
  `product_image` text DEFAULT NULL
) ENGINE=InnoDB DEFAULT CHARSET=latin1;

--
-- Dumping data for table `product_price`
--

INSERT INTO `product_price` (`price_id`, `product_id`, `supermarket_id`, `price_source`, `product_price`, `product_description`, `product_volume`, `product_image`) VALUES
(1, 1, 1, 'https://www.sainsburys.co.uk/shop/gb/groceries/sainsburys-british-whole-milk-568ml-%281pint%29', 0.5, 'Sainsbury\'s British Whole Milk 568ml (1 pint)', '1 pint', 'https://www.sainsburys.co.uk/wcsstore7.43.4/ExtendedSitesCatalogAssetStore/images/catalog/productImages/58/0000000181358/0000000181358_L.jpeg'),
(3, 1, 5, 'https://www.tesco.com/groceries/en-GB/products/251314233', 0.5, 'Tesco British Whole Milk 568Ml, 1 Pint', '1 pint', 'data:image/gif;base64,R0lGODlhAQABAAAAACH5BAEKAAEALAAAAAABAAEAAAICTAEAOw=='),
(4, 1, 1, 'https://www.sainsburys.co.uk/shop/gb/groceries/sainsburys-british-fresh-milk--organic-568ml-%281pint%29', 0.65, 'Sainsbury\'s British Whole Milk, SO Organic 568ml (1 pint)', '1 pint', 'https://www.sainsburys.co.uk/wcsstore7.43.4/ExtendedSitesCatalogAssetStore/images/catalog/productImages/90/0000000425490/0000000425490_L.jpeg'),
(5, 1, 6, 'https://groceries.morrisons.com/webshop/product/Morrisons-British-Whole-Milk-1-Pint/215795011?from=search&param=whole%20milk%201%20pint', 0.5, 'Morrisons British Whole Milk 1 Pint568ml', '1 pint', 'https://groceries.morrisons.com/productImages/215/215795011_0_150x150.jpg?identifier=3b90bf4d5462113c34c2d6224436b8c3'),
(6, 1, 5, 'https://www.tesco.com/groceries/en-GB/products/300735426', 0.59, 'Tesco Filtered Whole Milk 568Ml / 1 Pint', '1 pint', 'data:image/gif;base64,R0lGODlhAQABAAAAACH5BAEKAAEALAAAAAABAAEAAAICTAEAOw=='),
(7, 1, 6, 'https://groceries.morrisons.com/webshop/product/Morrisons-Milk-For-Farmers-Whole-1-Pint/490866011?from=search&param=whole%20milk%201%20pint', 0.57, 'Morrisons Milk For Farmers Whole 1 Pint568ml', '1 pint', 'https://groceries.morrisons.com/productImages/490/490866011_0_150x150.jpg?identifier=418655281aa0049fe2e49866cc155048'),
(8, 2, 6, 'https://groceries.morrisons.com/webshop/product/Morrisons-British-Whole-Milk-2-Pint/215801011?from=search&param=whole%20milk%202%20pint', 0.8, 'Morrisons British Whole Milk 2 Pint1.136L', '2 pint', 'https://groceries.morrisons.com/productImages/215/215801011_0_150x150.jpg?identifier=605d4191b35f61a327cb9834fbc44e67'),
(9, 2, 6, 'https://groceries.morrisons.com/webshop/product/Morrisons-For-Farmers-British-Whole-Milk-2-Pints/327723011?from=search&param=whole%20milk%202%20pint', 0.9, 'Morrisons For Farmers British Whole Milk 2 Pints1.136L', '2 pint', 'https://groceries.morrisons.com/productImages/327/327723011_0_150x150.jpg?identifier=9b32a0f20005388349816189c39e91e6'),
(10, 2, 6, 'https://groceries.morrisons.com/webshop/product/M-Organic-British-Whole-Milk-2-Pints/218093011?from=search&param=whole%20milk%202%20pint', 1.15, 'M Organic British Whole Milk 2 Pints 1.136L', '2 pint', 'https://groceries.morrisons.com/productImages/218/218093011_0_150x150.jpg?identifier=4bb1ca6d8448cae452c2d1dcf4ad152e'),
(11, 2, 5, 'https://www.tesco.com/groceries/en-GB/products/252207566', 0.8, 'Tesco British Whole Milk 1.13L, 2 Pints', '2 pint', 'data:image/gif;base64,R0lGODlhAQABAAAAACH5BAEKAAEALAAAAAABAAEAAAICTAEAOw=='),
(12, 2, 1, 'https://www.sainsburys.co.uk/shop/gb/groceries/sainsburys-british-whole-milk-113l-%282pint%29', 0.8, 'Sainsbury\'s British Whole Milk 1.13L (2 pint)', '2 pint', 'https://www.sainsburys.co.uk/wcsstore7.43.4/ExtendedSitesCatalogAssetStore/images/catalog/productImages/13/0000001137613/0000001137613_L.jpeg'),
(13, 2, 1, 'https://www.sainsburys.co.uk/shop/gb/groceries/sainsburys-british-whole-milk--so-organic-113l-%282-pint%29', 1.15, 'Sainsbury\'s British Whole Milk, SO Organic 1.13L (2 pint)', '2 pint', 'https://www.sainsburys.co.uk/wcsstore7.43.4/ExtendedSitesCatalogAssetStore/images/catalog/productImages/87/0000001219487/0000001219487_L.jpeg'),
(14, 3, 6, 'https://groceries.morrisons.com/webshop/product/M-Organic-British-Whole-Milk-4-Pints/218089011?from=search&param=whole%20milk%204%20pint', 1.8, 'M Organic British Whole Milk 4 Pints2.272L', '4 pint', 'https://groceries.morrisons.com/productImages/218/218089011_0_150x150.jpg?identifier=040599aa681f20ba6fe8ea3b7ce01a36'),
(15, 3, 6, 'https://groceries.morrisons.com/offers/buy-2-for-3-1004497903', 1.1, 'Morrisons British Whole Milk 4 Pints2.272L', '4 pint', 'https://groceries.morrisons.com/productImages/215/215811011_0_150x150.jpg?identifier=d8e7b3b6ff1e6c3340db0f37eea1499e'),
(16, 3, 6, 'https://groceries.morrisons.com/webshop/product/Morrisons-British-Whole-Milk-4-Pints/215811011?from=search&param=whole%20milk%204%20pint', 1.32, 'Morrisons For Farmers British Whole Milk 4 Pint2.27L', '4 pint', 'https://groceries.morrisons.com/productImages/300/300082011_0_150x150.jpg?identifier=ac25dc070948de237360b9f3cb8f3e6c'),
(17, 3, 1, 'https://www.sainsburys.co.uk/shop/gb/groceries/sainsburys-british-whole-milk-227l-%284-pint%29', 1.1, 'Sainsbury\'s British Whole Milk 2.27L (4 pint)', '4 pint', 'https://www.sainsburys.co.uk/wcsstore7.43.4/ExtendedSitesCatalogAssetStore/images/catalog/productImages/02/0000000181402/0000000181402_L.jpeg'),
(18, 3, 5, 'https://www.tesco.com/groceries/en-GB/products/254656399', 1.09, 'Tesco British Whole Milk 2.272L, 4 Pints', '4 pint', 'data:image/gif;base64,R0lGODlhAQABAAAAACH5BAEKAAEALAAAAAABAAEAAAICTAEAOw=='),
(19, 3, 1, 'https://www.sainsburys.co.uk/shop/gb/groceries/sainsburys-british-fresh-whole-milk--so-organic-227l-%284-pint%29', 1.8, 'Sainsbury\'s British Whole Milk, SO Organic 2.27L (4 Pint)', '4 pint', 'https://www.sainsburys.co.uk/wcsstore7.43.4/ExtendedSitesCatalogAssetStore/images/catalog/productImages/43/0000001208443/0000001208443_L.jpeg'),
(20, 4, 6, 'https://groceries.morrisons.com/webshop/product/Morrisons-British-Whole-Milk-6-Pints/217959011?from=search&param=whole%20milk%206%20pint', 1.5, 'Morrisons British Whole Milk 6 Pints3.408L', '6 pint', 'https://groceries.morrisons.com/productImages/217/217959011_0_150x150.jpg?identifier=6ff7aed2a5084ea46cd3ebd083972387'),
(21, 4, 5, 'https://www.tesco.com/groceries/en-GB/products/254957550', 1.5, 'Tesco British Whole Milk 3.408L, 6 Pints', '6 pint', 'data:image/gif;base64,R0lGODlhAQABAAAAACH5BAEKAAEALAAAAAABAAEAAAICTAEAOw=='),
(22, 4, 1, 'https://www.sainsburys.co.uk/shop/gb/groceries/sainsburys-british-whole-milk-34l-%286-pint%29', 1.5, 'Sainsbury\'s British Whole Milk 3.4L (6 pint)', '6 pint', 'https://www.sainsburys.co.uk/wcsstore7.43.4/ExtendedSitesCatalogAssetStore/images/catalog/productImages/05/0000000425605/0000000425605_L.jpeg'),
(23, 5, 5, 'https://www.tesco.com/groceries/en-GB/products/251314158', 0.5, 'Tesco British Semi Skimmed Milk 568 Ml, 1 Pint', '1 pint', 'data:image/gif;base64,R0lGODlhAQABAAAAACH5BAEKAAEALAAAAAABAAEAAAICTAEAOw=='),
(24, 5, 1, 'https://www.sainsburys.co.uk/shop/gb/groceries/sainsburys-british-fresh-milk--semi-skimmed-568ml-%281pint%29', 0.5, 'Sainsbury\'s British Semi Skimmed Milk 1 Pint', '1 pint', 'https://www.sainsburys.co.uk/wcsstore7.43.4/ExtendedSitesCatalogAssetStore/images/catalog/productImages/59/0000000173759/0000000173759_L.jpeg'),
(25, 5, 5, 'https://www.tesco.com/groceries/en-GB/products/300735386', 0.59, 'Tesco Filtered Semi Skimmed Milk 568Ml / 1 Pint', '1 pint', 'data:image/gif;base64,R0lGODlhAQABAAAAACH5BAEKAAEALAAAAAABAAEAAAICTAEAOw=='),
(26, 5, 5, 'https://www.tesco.com/groceries/en-GB/products/253689085', 0.6, 'Tesco Organic British Semi Skimmed Milk 568Ml/1 Pint', '1 pint', 'data:image/gif;base64,R0lGODlhAQABAAAAACH5BAEKAAEALAAAAAABAAEAAAICTAEAOw=='),
(27, 5, 1, 'https://www.sainsburys.co.uk/shop/gb/groceries/sainsburys-british-fresh-milk--semi-skimmed--organic-568ml-%281pint%29', 0.65, 'Sainsbury\'s British Semi Skimmed Milk, SO Organic 568ml (1 pint)', '1 pint', 'https://www.sainsburys.co.uk/wcsstore7.43.4/ExtendedSitesCatalogAssetStore/images/catalog/productImages/38/0000001544138/0000001544138_L.jpeg'),
(28, 5, 6, 'https://groceries.morrisons.com/webshop/product/Morrisons-British-Semi-Skimmed-Milk-1-Pint/215835011?from=search&param=semi%20skimmed%20milk%201%20pint', 0.5, 'Morrisons British Semi Skimmed Milk 1 Pint568ml', '1 pint', 'https://groceries.morrisons.com/productImages/215/215835011_0_150x150.jpg?identifier=4c42252df45f727d66b61cc78ab3c199'),
(29, 5, 6, 'https://groceries.morrisons.com/webshop/product/Morrisons-Milk-For-Farmers-Semi-Skimmed-1-Pint/490865011?from=search&param=semi%20skimmed%20milk%201%20pint', 0.57, 'Morrisons Milk For Farmers Semi Skimmed 1 Pint568ml', '1 pint', 'https://groceries.morrisons.com/productImages/490/490865011_0_150x150.jpg?identifier=8db2d7232fdbf5230a9c278db75a80db'),
(30, 6, 1, 'https://www.sainsburys.co.uk/shop/gb/groceries/sainsburys-british-fresh-milk--semi-skimmed-113l-%282pint%29', 0.8, 'Sainsbury\'s British Semi Skimmed Milk 1.13L (2 pint)', '2 pint', 'https://www.sainsburys.co.uk/wcsstore7.43.4/ExtendedSitesCatalogAssetStore/images/catalog/productImages/37/0000001137637/0000001137637_L.jpeg'),
(31, 6, 1, 'https://www.sainsburys.co.uk/shop/gb/groceries/sainsburys-british-fresh-milk--semi-skimmed--so-organic-113l-%282-pint%29', 1.15, 'Sainsbury\'s British Semi Skimmed Milk, SO Organic 1.13L (2 pint)', '2 pint', 'https://www.sainsburys.co.uk/wcsstore7.43.4/ExtendedSitesCatalogAssetStore/images/catalog/productImages/94/0000001219494/0000001219494_L.jpeg'),
(32, 6, 6, 'https://groceries.morrisons.com/webshop/product/Morrisons-British-Semi-Skimmed-Milk-2-Pints/215842011?from=search&param=semi%20skimmed%20milk%202%20pint', 0.8, 'Morrisons British Semi Skimmed Milk 2 Pints1.136L', '2 pint', 'https://groceries.morrisons.com/productImages/215/215842011_0_150x150.jpg?identifier=aa748cef02b155f3c3516a9c57aab9d2'),
(33, 6, 6, 'https://groceries.morrisons.com/webshop/product/Morrisons-For-Farmers-British-Semi-Skimmed-Milk-2-Pints/313327011?from=search&param=semi%20skimmed%20milk%202%20pint', 0.9, 'Morrisons For Farmers British Semi Skimmed Milk 2 Pints1.136L', '2 pint', 'https://groceries.morrisons.com/productImages/313/313327011_0_150x150.jpg?identifier=306eeb217f1dee2973e43a26de084437'),
(34, 6, 6, 'https://groceries.morrisons.com/webshop/product/M-Organic-British-Semi-Skimmed-Milk-2-Pints/213096011?from=search&param=semi%20skimmed%20milk%202%20pint', 1.15, 'M Organic British Semi Skimmed Milk 2 Pints1.14L', '2 pint', 'https://groceries.morrisons.com/productImages/213/213096011_0_150x150.jpg?identifier=7d517e27676819f547cb8c94cf80e91b'),
(35, 7, 1, 'https://www.sainsburys.co.uk/shop/gb/groceries/sainsburys-british-semi-skimmed-milk-227l-%284-pint%29', 1.1, 'Sainsbury\'s British Semi Skimmed Milk 2.27L (4 pint)', '4 pint', 'https://www.sainsburys.co.uk/wcsstore7.43.4/ExtendedSitesCatalogAssetStore/images/catalog/productImages/37/0000000357937/0000000357937_L.jpeg'),
(36, 7, 1, 'https://www.sainsburys.co.uk/shop/gb/groceries/sainsburys-british-fresh-milk--semi-skimmed--so-organic-227l-%284-pint%29', 1.8, 'Sainsbury\'s British Semi Skimmed Milk, SO Organic 2.27L (4 pint)', '4 pint', 'https://www.sainsburys.co.uk/wcsstore7.43.4/ExtendedSitesCatalogAssetStore/images/catalog/productImages/50/0000001208450/0000001208450_L.jpeg'),
(37, 6, 5, 'https://www.tesco.com/groceries/en-GB/products/252207537', 0.8, 'Tesco British Semi Skimmed Milk 1.13L, 2 Pints', '2 pint', 'data:image/gif;base64,R0lGODlhAQABAAAAACH5BAEKAAEALAAAAAABAAEAAAICTAEAOw=='),
(38, 6, 5, 'https://www.tesco.com/groceries/en-GB/products/251499710', 0.89, 'Tesco Organic British Semi Skimmed Milk 1.136L, 2 Pint', '2 pint', 'data:image/gif;base64,R0lGODlhAQABAAAAACH5BAEKAAEALAAAAAABAAEAAAICTAEAOw=='),
(39, 8, 1, 'https://www.sainsburys.co.uk/shop/gb/groceries/sainsburys-british-fresh-milk--semi-skimmed-34l-%286-pint%29', 1.5, 'Sainsbury\'s British Semi Skimmed Milk 3.4L (6 pint)', '6 pint', 'https://www.sainsburys.co.uk/wcsstore7.43.4/ExtendedSitesCatalogAssetStore/images/catalog/productImages/90/0000000464390/0000000464390_L.jpeg'),
(40, 7, 5, 'https://www.tesco.com/groceries/en-GB/products/254656543', 1.09, 'Tesco British Semi Skimmed Milk 2.272L, 4 Pints', '4 pint', 'data:image/gif;base64,R0lGODlhAQABAAAAACH5BAEKAAEALAAAAAABAAEAAAICTAEAOw=='),
(41, 7, 5, 'https://www.tesco.com/groceries/en-GB/products/251499998', 1.5, 'Tesco Organic British Semi Skimmed Milk 2.272L/4 Pints', '4 pint', 'data:image/gif;base64,R0lGODlhAQABAAAAACH5BAEKAAEALAAAAAABAAEAAAICTAEAOw=='),
(42, 7, 6, 'https://groceries.morrisons.com/webshop/product/M-Organic-British-Semi-Skimmed-Milk-4-Pints/218092011?from=search&param=semi%20skimmed%20milk%204%20pint', 1.8, 'M Organic British Semi Skimmed Milk 4 Pints2.27L', '4 pint', 'https://groceries.morrisons.com/productImages/218/218092011_0_150x150.jpg?identifier=c1d3f7addee0152996060b1e0e6e476e'),
(43, 7, 6, 'https://groceries.morrisons.com/offers/buy-2-for-3-1004497903', 1.1, 'Morrisons British Semi Skimmed Milk 4 Pints2.27L', '4 pint', 'https://groceries.morrisons.com/productImages/215/215937011_0_150x150.jpg?identifier=368fd9feff0cb1b1605b05a3790ff830'),
(44, 7, 6, 'https://groceries.morrisons.com/webshop/product/Morrisons-British-Semi-Skimmed-Milk-4-Pints/215937011?from=search&param=semi%20skimmed%20milk%204%20pint', 1.32, 'Morrisons For Farmers British Semi Skimmed Milk 4 Pints2.27L', '4 pint', 'https://groceries.morrisons.com/productImages/300/300078011_0_150x150.jpg?identifier=8e89d07c904fbf3ec91a251fd165632e'),
(45, 9, 1, 'https://www.sainsburys.co.uk/shop/gb/groceries/cathedral-city-mature-350g', 2.5, 'Cathedral City Mature Cheddar Cheese 350g', '350g', 'https://www.sainsburys.co.uk/wcsstore7.43.4/ExtendedSitesCatalogAssetStore/images/catalog/productImages/93/5000295142893/5000295142893_L.jpeg'),
(46, 10, 1, 'https://www.sainsburys.co.uk/shop/gb/groceries/cathedral-city-lighter-350g', 2.5, 'Cathedral City Lighter Cheddar Cheese 350g', '350g', 'https://www.sainsburys.co.uk/wcsstore7.43.4/ExtendedSitesCatalogAssetStore/images/catalog/productImages/12/5000295141612/5000295141612_L.jpeg'),
(47, 8, 5, 'https://www.tesco.com/groceries/en-GB/products/255986260', 1.5, 'Tesco British Semi Skimmed Milk 3.408L, 6 Pints', '6 pint', 'data:image/gif;base64,R0lGODlhAQABAAAAACH5BAEKAAEALAAAAAABAAEAAAICTAEAOw=='),
(48, 8, 6, 'https://groceries.morrisons.com/webshop/product/Morrisons-Milk-For-Farmers-Semi-Skimmed-Milk-6-Pint/468151011?from=search&param=semi%20skimmed%20milk%206%20pint', 1.84, 'Morrisons Milk For Farmers Semi Skimmed Milk 6 Pint3.408L', '6 pint', 'https://groceries.morrisons.com/productImages/468/468151011_0_150x150.jpg?identifier=6348cf937b1f6a062b10ebb6dcfb8185'),
(49, 8, 6, 'https://groceries.morrisons.com/webshop/product/Morrisons-British-Semi-Skimmed-Milk-6-Pints/215941011?from=search&param=semi%20skimmed%20milk%206%20pint', 1.5, 'Morrisons British Semi Skimmed Milk 6 Pints3.408L', '6 pint', 'https://groceries.morrisons.com/productImages/215/215941011_0_150x150.jpg?identifier=e5a479573862a8bd0b2a37b3bb6e002d'),
(50, 11, 1, 'https://www.sainsburys.co.uk/shop/gb/groceries/cathedral-city-extra-mature-cheddar-350g', 2.5, 'Cathedral City Extra Mature Cheddar Cheese 350g', '350g', 'https://www.sainsburys.co.uk/wcsstore7.43.4/ExtendedSitesCatalogAssetStore/images/catalog/productImages/99/5000295141599/5000295141599_L.jpeg'),
(51, 20, 1, 'https://www.sainsburys.co.uk/shop/gb/groceries/philadelphia-light-garlic---herbs-170g', 1, 'Philadelphia Garlic & Herbs Soft Cheese 170g', '170g', 'https://www.sainsburys.co.uk/wcsstore7.43.4/ExtendedSitesCatalogAssetStore/images/catalog/productImages/09/7622210307309/7622210307309_L.jpeg'),
(52, 9, 5, 'https://www.tesco.com/groceries/en-GB/products/268768873', 3.5, 'Cathedral City Mature Cheddar Cheese 350 G', '350g', 'data:image/gif;base64,R0lGODlhAQABAAAAACH5BAEKAAEALAAAAAABAAEAAAICTAEAOw=='),
(53, 20, 1, 'https://www.sainsburys.co.uk/shop/gb/groceries/philadelphia-light-chives-170g', 1, 'Philadelphia Chives Soft Cheese 170g', '170g', 'https://www.sainsburys.co.uk/wcsstore7.43.4/ExtendedSitesCatalogAssetStore/images/catalog/productImages/23/7622210307323/7622210307323_L.jpeg'),
(54, 20, 1, 'https://www.sainsburys.co.uk/shop/gb/groceries/philadelphia-light-sweet-chilli-170g', 1, 'Philadelphia Sweet Chilli Soft Cheese 170g', '170g', 'https://www.sainsburys.co.uk/wcsstore7.43.4/ExtendedSitesCatalogAssetStore/images/catalog/productImages/85/7622210307385/7622210307385_L.jpeg'),
(55, 20, 1, 'https://www.sainsburys.co.uk/shop/gb/groceries/philadelphia-caramelised-onion-soft-cheese-170g', 1, 'Philadelphia Caramelised Onion Soft Cheese 170g', '170g', 'https://www.sainsburys.co.uk/wcsstore7.43.4/ExtendedSitesCatalogAssetStore/images/catalog/productImages/25/7622210854025/7622210854025_L.jpeg'),
(56, 20, 1, 'https://www.sainsburys.co.uk/shop/gb/groceries/philadelphia-jalepeno-170g', 1, 'Philadelphia Jalapeno Soft Cheese 170g', '170g', 'https://www.sainsburys.co.uk/wcsstore7.43.4/ExtendedSitesCatalogAssetStore/images/catalog/productImages/36/7622201108236/7622201108236_L.jpeg'),
(57, 9, 6, 'https://groceries.morrisons.com/offers/offer-price-2-50-was-3-50-1004403498', 6, 'Cathedral City Mature Cheese Twin Pack2 x 350g', '350g', 'https://groceries.morrisons.com/productImages/209/209783011_0_150x150.jpg?identifier=1ccb58d30b608da8b91184d6640b31f2'),
(58, 9, 6, 'https://groceries.morrisons.com/webshop/product/Cathedral-City-Mature-Cheese/115515011?from=search&param=cathedral%20cheese%20mature', 2.5, 'Cathedral City Mature Cheese350g', '350g', 'https://groceries.morrisons.com/productImages/115/115512011_0_150x150.jpg?identifier=413424f5131aabc8d5bce8c91afa9854'),
(59, 21, 1, 'https://www.sainsburys.co.uk/shop/gb/groceries/philadelphia-180g', 1, 'Philadelphia Original Soft Cheese 180g', '180g', 'https://www.sainsburys.co.uk/wcsstore7.43.4/ExtendedSitesCatalogAssetStore/images/catalog/productImages/60/7622210307460/7622210307460_L.jpeg'),
(60, 21, 1, 'https://www.sainsburys.co.uk/shop/gb/groceries/philadelphia-light-180g', 1, 'Philadelphia Light Soft Cheese 180g', '180g', 'https://www.sainsburys.co.uk/wcsstore7.43.4/ExtendedSitesCatalogAssetStore/images/catalog/productImages/14/7622210307514/7622210307514_L.jpeg'),
(61, 21, 1, 'https://www.sainsburys.co.uk/shop/gb/groceries/philadelphia-lightest-180g', 1, 'Philadelphia Lightest Soft Cheese 180g', '180g', 'https://www.sainsburys.co.uk/wcsstore7.43.4/ExtendedSitesCatalogAssetStore/images/catalog/productImages/90/7622210307590/7622210307590_L.jpeg'),
(62, 22, 1, 'https://www.sainsburys.co.uk/shop/gb/groceries/philadelphia-original-soft-white-cheese-family-pack-340g', 3, 'Philadelphia Original Soft Cheese 340g', '340g', 'https://www.sainsburys.co.uk/wcsstore7.43.4/ExtendedSitesCatalogAssetStore/images/catalog/productImages/74/7622210585974/7622210585974_L.jpeg'),
(63, 22, 1, 'https://www.sainsburys.co.uk/shop/gb/groceries/philadelphia-light-340g', 3, 'Philadelphia Light Soft Cheese 340g', '340g', 'https://www.sainsburys.co.uk/wcsstore7.43.4/ExtendedSitesCatalogAssetStore/images/catalog/productImages/43/7622210585943/7622210585943_L.jpeg'),
(64, 22, 1, 'https://www.sainsburys.co.uk/shop/gb/groceries/philadelphia-soft-white-cheese-with-garlic-herbs-family-pack-340g', 3, 'Philadelphia Garlic & Herb Soft Cheese 340g', '340g', 'https://www.sainsburys.co.uk/wcsstore7.43.4/ExtendedSitesCatalogAssetStore/images/catalog/productImages/50/7622210585950/7622210585950_L.jpeg'),
(65, 10, 6, 'https://groceries.morrisons.com/webshop/product/Cathedral-City-Lighter-Mature-Cheese/210849011?from=search&param=cathedral%20cheese%20lighte', 2.5, 'Cathedral City Lighter Mature Cheese350g', '350g', 'https://groceries.morrisons.com/productImages/210/210849011_0_150x150.jpg?identifier=475f5171359b43104dffc3ca8bd855c2'),
(66, 11, 6, 'https://groceries.morrisons.com/webshop/product/Cathedral-City-Extra-Mature-Cheese/121878011?from=search&param=cathedral%20cheese%20extra%20mature', 2.5, 'Cathedral City Extra Mature Cheese350g', '350g', 'https://groceries.morrisons.com/productImages/121/121878011_0_150x150.jpg?identifier=faff0c734060908cfd0bde682237f8c5'),
(67, 11, 6, 'https://groceries.morrisons.com/webshop/product/Cathedral-City-Vintage-Cheese/115514011?from=search&param=cathedral%20cheese%20extra%20mature', 6, 'Cathedral City Extra Mature Cheese Twin Pack 2 x 350g700g', '350g', 'https://groceries.morrisons.com/productImages/464/464332011_0_150x150.jpg?identifier=91ed2815599170e5a58f057318e78712'),
(68, 23, 1, 'https://www.sainsburys.co.uk/shop/ProductDisplay?productId=90706&storeId=10151&langId=&categoryId=', 1, 'Kingsmill Soft Medium Sliced White Bread 800g', '800g', 'https:/wcsstore7.43.4/ExtendedSitesCatalogAssetStore/images/catalog/productImages/45/5010092093045/5010092093045_L.jpeg'),
(69, 23, 1, 'https://www.sainsburys.co.uk/shop/gb/groceries/hovis-soft-white-bread--medium-sliced-800g', 1.2, 'Hovis Soft Medium Sliced White Bread 800g', '800g', 'https://www.sainsburys.co.uk/wcsstore7.43.4/ExtendedSitesCatalogAssetStore/images/catalog/productImages/31/5010003000131/5010003000131_L.jpeg'),
(70, 23, 1, 'https://www.sainsburys.co.uk/shop/gb/groceries/warburtons-white-sliced-bread--toastie-800g', 1.1, 'Warburtons Toastie Thick Sliced White Bread 800g', '800g', 'https://www.sainsburys.co.uk/wcsstore7.43.4/ExtendedSitesCatalogAssetStore/images/catalog/productImages/21/5010044000121/5010044000121_L.jpeg'),
(71, 23, 1, 'https://www.sainsburys.co.uk/shop/gb/groceries/hovis-soft-white-bread--thick-sliced-800g', 1.2, 'Hovis Soft Thick Sliced White Bread 800g', '800g', 'https://www.sainsburys.co.uk/wcsstore7.43.4/ExtendedSitesCatalogAssetStore/images/catalog/productImages/26/5010003054226/5010003054226_L.jpeg'),
(72, 23, 1, 'https://www.sainsburys.co.uk/shop/gb/groceries/warburtons-farmhouse-bread--original-soft-800g', 1.35, 'Warburtons Soft Farmhouse Medium Sliced White Bread 800g', '800g', 'https://www.sainsburys.co.uk/wcsstore7.43.4/ExtendedSitesCatalogAssetStore/images/catalog/productImages/78/5010044002378/5010044002378_L.jpeg'),
(73, 23, 1, 'https://www.sainsburys.co.uk/shop/gb/groceries/warburtons-white-bread--medium-sliced-800g', 1.1, 'Warburtons Medium Sliced White Bread 800g', '800g', 'https://www.sainsburys.co.uk/wcsstore7.43.4/ExtendedSitesCatalogAssetStore/images/catalog/productImages/39/5010044000039/5010044000039_L.jpeg'),
(74, 23, 1, 'https://www.sainsburys.co.uk/shop/gb/groceries/sainsburys-white-bread--medium-sliced-800g', 0.55, 'Sainsbury\'s Soft Medium Sliced White Bread 800g', '800g', 'https://www.sainsburys.co.uk/wcsstore7.43.4/ExtendedSitesCatalogAssetStore/images/catalog/productImages/37/0000000014137/0000000014137_L.jpeg'),
(75, 23, 1, 'https://www.sainsburys.co.uk/shop/gb/groceries/sainsburys-white-sliced-bread--basics-800g', 0.45, 'Daily\'s Medium Sliced White Bread 800g', '800g', 'https://www.sainsburys.co.uk/wcsstore7.43.4/ExtendedSitesCatalogAssetStore/images/catalog/productImages/63/0000001048063/0000001048063_L.jpeg'),
(76, 23, 1, 'https://www.sainsburys.co.uk/shop/gb/groceries/sainsburys-sandwich-loaf-white-bread-800g-6539298-p', 1.1, 'Sainsbury\'s Sandwich Loaf White Bread 800g', '800g', 'https://www.sainsburys.co.uk/wcsstore7.43.4/ExtendedSitesCatalogAssetStore/images/catalog/productImages/52/0000001052152/0000001052152_L.jpeg'),
(77, 23, 1, 'https://www.sainsburys.co.uk/shop/gb/groceries/sainsburys-farmhouse-loaf-white-bread-800g-6504660-p', 1.1, 'Sainsbury\'s Farmhouse Loaf White Bread 800g', '800g', 'https://www.sainsburys.co.uk/wcsstore7.43.4/ExtendedSitesCatalogAssetStore/images/catalog/productImages/50/0000001050950/0000001050950_L.jpeg'),
(78, 23, 1, 'https://www.sainsburys.co.uk/shop/gb/groceries/sainsburys-toastie-extra-thick-sliced-white-bread-800g', 0.55, 'Sainsbury\'s Toastie Thick Sliced White Bread 800g', '800g', 'https://www.sainsburys.co.uk/wcsstore7.43.4/ExtendedSitesCatalogAssetStore/images/catalog/productImages/78/0000001691078/0000001691078_L.jpeg'),
(79, 23, 1, 'https://www.sainsburys.co.uk/shop/gb/groceries/warburtons-white-sliced-thickest-bread-800g', 1.1, 'Warburtons Extra Thick Sliced White Bread 800g', '800g', 'https://www.sainsburys.co.uk/wcsstore7.43.4/ExtendedSitesCatalogAssetStore/images/catalog/productImages/47/5010044002347/5010044002347_L.jpeg'),
(80, 23, 1, 'https://www.sainsburys.co.uk/shop/gb/groceries/sainsburys-split-tin-white-bread-800g-6539339-p', 1.1, 'Sainsbury\'s Split Tin White Bread 800g', '800g', 'https://www.sainsburys.co.uk/wcsstore7.43.4/ExtendedSitesCatalogAssetStore/images/catalog/productImages/83/0000001052183/0000001052183_L.jpeg'),
(81, 23, 1, 'https://www.sainsburys.co.uk/shop/gb/groceries/warburtons-lancashires-thorough-bread-medium-sliced-white-bread-800g', 1.55, 'Warburtons Lancashire\'s Thorough Bread Medium Sliced White Bread 800g', '800g', 'https://www.sainsburys.co.uk/wcsstore7.43.4/ExtendedSitesCatalogAssetStore/images/catalog/productImages/63/5010044007663/5010044007663_L.jpeg'),
(82, 24, 1, 'https://www.sainsburys.co.uk/shop/ProductDisplay?productId=90710&storeId=10151&langId=44&categoryId=', 1, 'Kingsmill Medium Sliced Wholemeal Bread 800g', '800g', 'https:/wcsstore7.43.4/ExtendedSitesCatalogAssetStore/images/catalog/productImages/43/5010092093243/5010092093243_L.jpeg'),
(83, 24, 1, 'https://www.sainsburys.co.uk/shop/gb/groceries/hovis-wholemeal-bread--medium-sliced-800g', 1.2, 'Hovis Medium Sliced Wholemeal Bread 800g', '800g', 'https://www.sainsburys.co.uk/wcsstore7.43.4/ExtendedSitesCatalogAssetStore/images/catalog/productImages/39/5010003000339/5010003000339_L.jpeg'),
(84, 24, 1, 'https://www.sainsburys.co.uk/shop/gb/groceries/sainsburys-multi-seeded-wholemeal-bread--taste-the-difference-800g', 1.1, 'Sainsbury\'s Soft Multiseed Farmhouse Thick Sliced Wholemeal Bread, Taste the Difference 800g', '800g', 'https://www.sainsburys.co.uk/wcsstore7.43.4/ExtendedSitesCatalogAssetStore/images/catalog/productImages/80/0000001318180/0000001318180_L.jpeg'),
(85, 20, 6, 'https://groceries.morrisons.com/offers/offer-price-2-was-3-1004427285', 1, 'Philadelphia Garlic & Herb Soft Cheese170g', '170g', 'https://groceries.morrisons.com/productImages/251/251396011_0_150x150.jpg?identifier=ba5a06aeba5acd770c0d914fdbd07333'),
(86, 24, 1, 'https://www.sainsburys.co.uk/shop/gb/groceries/sainsburys-wholemeal-bread--medium-sliced-800g', 0.55, 'Sainsbury\'s Medium Sliced Wholemeal Bread 800g', '800g', 'https://www.sainsburys.co.uk/wcsstore7.43.4/ExtendedSitesCatalogAssetStore/images/catalog/productImages/57/0000000280457/0000000280457_L.jpeg'),
(87, 20, 6, 'https://groceries.morrisons.com/offers/offer-price-1-was-2-1004497457', 1, 'Philadelphia Sweet Chilli Soft Cheese170g', '170g', 'https://groceries.morrisons.com/productImages/251/251399011_0_150x150.jpg?identifier=0b0f4bc5a89dddd5e16b2d61ed25fe9d'),
(88, 24, 1, 'https://www.sainsburys.co.uk/shop/gb/groceries/hovis-wholemeal-bread--thick-sliced-800g', 1.2, 'Hovis Thick Sliced Wholemeal Bread 800g', '800g', 'https://www.sainsburys.co.uk/wcsstore7.43.4/ExtendedSitesCatalogAssetStore/images/catalog/productImages/53/5010003000353/5010003000353_L.jpeg'),
(89, 20, 6, 'https://groceries.morrisons.com/webshop/product/Philadelphia-Lightest-Soft-Cheese/251395011?from=search&param=philadelphia%20soft%20cheese', 1, 'Philadelphia Chives Soft Cheese 170g', '170g', 'https://groceries.morrisons.com/productImages/251/251391011_0_150x150.jpg?identifier=a1016e38c775af35c7241487a177d747'),
(90, 24, 1, 'https://www.sainsburys.co.uk/shop/gb/groceries/warburtons-wholemeal-bread--sliced-800g', 1.1, 'Warburtons Medium Sliced Wholemeal Bread 800g', '800g', 'https://www.sainsburys.co.uk/wcsstore7.43.4/ExtendedSitesCatalogAssetStore/images/catalog/productImages/51/5010044000251/5010044000251_L.jpeg'),
(91, 20, 6, 'https://groceries.morrisons.com/offers/offer-price-1-was-2-1004497465', 1, 'Philadelphia Salmon Soft Cheese170g', '170g', 'https://groceries.morrisons.com/productImages/406/406300011_0_150x150.jpg?identifier=c07b4ef726329f7f0e6b1e25f5f37e53'),
(92, 24, 1, 'https://www.sainsburys.co.uk/shop/gb/groceries/sainsburys-medium-wholemeal-bread--basics-800g', 0.45, 'Daily\'s Medium Sliced Wholemeal Bread 800g', '800g', 'https://www.sainsburys.co.uk/wcsstore7.43.4/ExtendedSitesCatalogAssetStore/images/catalog/productImages/21/0000001641721/0000001641721_L.jpeg'),
(93, 20, 6, 'https://groceries.morrisons.com/offers/offer-price-1-was-2-1004497481', 1, 'Philadelphia Caramelised Onion Soft Cheese170g', '170g', 'https://groceries.morrisons.com/productImages/405/405697011_0_150x150.jpg?identifier=1022a86434cdd0a643a2248677d86f0b'),
(94, 24, 1, 'https://www.sainsburys.co.uk/shop/gb/groceries/hovis-wholemeal-seeded-granary-bread-800g', 1.55, 'Hovis Granary Thick Sliced Wholemeal Bread 800g', '800g', 'https://www.sainsburys.co.uk/wcsstore7.43.4/ExtendedSitesCatalogAssetStore/images/catalog/productImages/92/5010003000292/5010003000292_L.jpeg'),
(95, 24, 1, 'https://www.sainsburys.co.uk/shop/gb/groceries/kingsmill-tasty-wholemeal-bread--thick-800g', 1, 'Kingsmill Thick Sliced Wholemeal Bread 800g', '800g', 'https://www.sainsburys.co.uk/wcsstore7.43.4/ExtendedSitesCatalogAssetStore/images/catalog/productImages/42/5010092093342/5010092093342_L.jpeg'),
(96, 24, 1, 'https://www.sainsburys.co.uk/shop/gb/groceries/sainsburys-wholemeal-bread--so-organic-800g', 1.45, 'Sainsbury\'s Thick Sliced Wholemeal Bread, SO Organic 800g', '800g', 'https://www.sainsburys.co.uk/wcsstore7.43.4/ExtendedSitesCatalogAssetStore/images/catalog/productImages/13/0000001351613/0000001351613_L.jpeg'),
(97, 24, 1, 'https://www.sainsburys.co.uk/shop/gb/groceries/sainsburys-thick-sliced-wholemeal-bread-800g', 0.55, 'Sainsbury\'s Thick Sliced Wholemeal Bread 800g', '800g', 'https://www.sainsburys.co.uk/wcsstore7.43.4/ExtendedSitesCatalogAssetStore/images/catalog/productImages/89/0000000315289/0000000315289_L.jpeg'),
(98, 24, 1, 'https://www.sainsburys.co.uk/shop/gb/groceries/cranks-wholemeal-organic-bread-800g', 1.5, 'Cranks Organic Unsliced Wholemeal Bread 800g', '800g', 'https://www.sainsburys.co.uk/wcsstore7.43.4/ExtendedSitesCatalogAssetStore/images/catalog/productImages/03/5011986009203/5011986009203_L.jpeg'),
(99, 24, 1, 'https://www.sainsburys.co.uk/shop/gb/groceries/hovis-medium-sliced-wholemeal-bread-farmhouse-loaf-800g', 1.25, 'Hovis Medium Sliced Wholemeal Bread Farmhouse Loaf 800g', '800g', 'https://www.sainsburys.co.uk/wcsstore7.43.4/ExtendedSitesCatalogAssetStore/images/catalog/productImages/65/5010003069565/5010003069565_L.jpeg'),
(100, 24, 1, 'https://www.sainsburys.co.uk/shop/gb/groceries/vogel-seeded-wholemeal-bread-800g', 1.55, 'Vogel Seeded Wholemeal Bread 800g', '800g', 'https://www.sainsburys.co.uk/wcsstore7.43.4/ExtendedSitesCatalogAssetStore/images/catalog/productImages/24/5014272108024/5014272108024_L.jpeg'),
(101, 25, 1, 'https://www.sainsburys.co.uk/shop/ProductDisplay?productId=1127504&storeId=10151&langId=&categoryId=', 1.5, 'Sainsbury\'s Sourdough Medium Sliced White Bread, Taste the Difference 400g', '400g', 'https:/wcsstore7.43.4/ExtendedSitesCatalogAssetStore/images/catalog/productImages/51/0000000252751/0000000252751_L.jpeg'),
(102, 25, 1, 'https://www.sainsburys.co.uk/shop/gb/groceries/warburtons-white-toastie-bread--sliced-400g', 0.85, 'Warburtons Toastie Thick Sliced White Bread 400g', '400g', 'https://www.sainsburys.co.uk/wcsstore7.43.4/ExtendedSitesCatalogAssetStore/images/catalog/productImages/75/5010044000275/5010044000275_L.jpeg'),
(103, 25, 1, 'https://www.sainsburys.co.uk/shop/gb/groceries/warburtons-danish-white-bread--sliced-400g', 1, 'Warburtons Lighter Medium Sliced Danish White Bread 400g', '400g', 'https://www.sainsburys.co.uk/wcsstore7.43.4/ExtendedSitesCatalogAssetStore/images/catalog/productImages/05/5010044000305/5010044000305_L.jpeg'),
(104, 25, 1, 'https://www.sainsburys.co.uk/shop/gb/groceries/warburtons-white-bread--medium-sliced-400g', 0.85, 'Warburtons Medium Sliced White Bread 400g', '400g', 'https://www.sainsburys.co.uk/wcsstore7.43.4/ExtendedSitesCatalogAssetStore/images/catalog/productImages/34/5010044001234/5010044001234_L.jpeg'),
(105, 25, 1, 'https://www.sainsburys.co.uk/shop/gb/groceries/warburtons-white-batch-bread--seeded-400g', 0.9, 'Warburtons Seeded Thick Sliced White Bread 400g', '400g', 'https://www.sainsburys.co.uk/wcsstore7.43.4/ExtendedSitesCatalogAssetStore/images/catalog/productImages/46/5010044002446/5010044002446_L.jpeg'),
(106, 25, 1, 'https://www.sainsburys.co.uk/shop/gb/groceries/sainsburys-farmhouse-white-bread-400g-6539611-p', 0.8, 'Sainsbury\'s Farmhouse White Bread 400g', '400g', 'https://www.sainsburys.co.uk/wcsstore7.43.4/ExtendedSitesCatalogAssetStore/images/catalog/productImages/50/0000001052350/0000001052350_L.jpeg'),
(107, 25, 1, 'https://www.sainsburys.co.uk/shop/gb/groceries/warburtons-blackpool-milk-roll-400g', 1, 'Warburtons Milk Roll Soft Medium Sliced White Bread 400g', '400g', 'https://www.sainsburys.co.uk/wcsstore7.43.4/ExtendedSitesCatalogAssetStore/images/catalog/productImages/12/5010044000312/5010044000312_L.jpeg'),
(108, 25, 1, 'https://www.sainsburys.co.uk/shop/gb/groceries/warburtons-crusty-white-bread-400g', 1, 'Warburtons Crusty Medium Sliced White Bread 400g', '400g', 'https://www.sainsburys.co.uk/wcsstore7.43.4/ExtendedSitesCatalogAssetStore/images/catalog/productImages/74/5010044002774/5010044002774_L.jpeg'),
(109, 21, 6, 'https://groceries.morrisons.com/offers/offer-price-2-was-3-1004427293', 1, 'Philadelphia Original Soft Cheese180g', '180g', 'https://groceries.morrisons.com/productImages/251/251401011_0_150x150.jpg?identifier=701fafa92c72f2541b5c337db22425e3'),
(110, 25, 1, 'https://www.sainsburys.co.uk/shop/gb/groceries/km-crustaway-white-bread-400g', 1.4, 'Kingsmill No Crusts Soft Medium Sliced White Bread 400g', '400g', 'https://www.sainsburys.co.uk/wcsstore7.43.4/ExtendedSitesCatalogAssetStore/images/catalog/productImages/46/5010092079346/5010092079346_L.jpeg'),
(111, 25, 1, 'https://www.sainsburys.co.uk/shop/gb/groceries/warburtons-old-english-white-bread-400g', 1.2, 'Warburtons Old English Medium Sliced White Bread 400g', '400g', 'https://www.sainsburys.co.uk/wcsstore7.43.4/ExtendedSitesCatalogAssetStore/images/catalog/productImages/29/5010044006529/5010044006529_L.jpeg'),
(112, 21, 6, 'https://groceries.morrisons.com/offers/offer-price-1-was-2-1004497449', 1, 'Philadelphia Light Soft Cheese 180g', '180g', 'https://groceries.morrisons.com/productImages/251/251394011_0_150x150.jpg?identifier=0f5d724b760278b10c28609b51a4be85'),
(113, 25, 1, 'https://www.sainsburys.co.uk/shop/gb/groceries/sainsburys-white-bread-so-organic-400g-7559875-p', 0.95, 'Sainsbury\'s White Bread SO Organic 400g', '400g', 'https://www.sainsburys.co.uk/wcsstore7.43.4/ExtendedSitesCatalogAssetStore/images/catalog/productImages/26/0000001128826/0000001128826_L.jpeg'),
(114, 21, 6, 'https://groceries.morrisons.com/webshop/product/Philadelphia-Light-Soft-Cheese/251393011?from=search&param=philadelphia%20soft%20cheese', 1, 'Philadelphia Lightest Soft Cheese 180g', '180g', 'https://groceries.morrisons.com/productImages/251/251395011_0_150x150.jpg?identifier=f5187ee24c6b9fdcfe936b4eed40b0fb'),
(115, 25, 1, 'https://www.sainsburys.co.uk/shop/gb/groceries/sainsburys-toastie-sliced-white-bread-400g', 0.5, 'Sainsbury\'s Toastie Sliced White Bread 400g', '400g', 'https://www.sainsburys.co.uk/wcsstore7.43.4/ExtendedSitesCatalogAssetStore/images/catalog/productImages/98/0000000311298/0000000311298_L.jpeg'),
(116, 26, 1, 'https://www.sainsburys.co.uk/shop/gb/groceries/warburtons-wholemeal-bread--medium-sliced-400g', 0.85, 'Warburtons Medium Sliced Wholemeal Bread 400g', '400g', 'https://www.sainsburys.co.uk/wcsstore7.43.4/ExtendedSitesCatalogAssetStore/images/catalog/productImages/04/5010044000404/5010044000404_L.jpeg'),
(117, 26, 1, 'https://www.sainsburys.co.uk/shop/gb/groceries/hovis-wholemeal-bread-400g', 1, 'Hovis Tasty Medium Sliced Wholemeal Bread 400g', '400g', 'https://www.sainsburys.co.uk/wcsstore7.43.4/ExtendedSitesCatalogAssetStore/images/catalog/productImages/47/5010003000247/5010003000247_L.jpeg'),
(118, 26, 1, 'https://www.sainsburys.co.uk/shop/gb/groceries/hovis-original-granary-bread--half-loaf-400g', 1.05, 'Hovis Granary Thick Sliced Wholemeal Bread, Half Loaf 400g', '400g', 'https://www.sainsburys.co.uk/wcsstore7.43.4/ExtendedSitesCatalogAssetStore/images/catalog/productImages/54/5010003000254/5010003000254_L.jpeg'),
(119, 26, 1, 'https://www.sainsburys.co.uk/shop/gb/groceries/sainsburys-wholemeal-bread-so-organic-400g-7559900-p', 0.95, 'Sainsbury\'s Wholemeal Bread SO Organic 400g', '400g', 'https://www.sainsburys.co.uk/wcsstore7.43.4/ExtendedSitesCatalogAssetStore/images/catalog/productImages/33/0000001128833/0000001128833_L.jpeg'),
(120, 26, 1, 'https://www.sainsburys.co.uk/shop/gb/groceries/hovis-nimble-wholemeal-bread-400g', 0.9, 'Hovis Nimble Medium Sliced Wholemeal Bread 400g', '400g', 'https://www.sainsburys.co.uk/wcsstore7.43.4/ExtendedSitesCatalogAssetStore/images/catalog/productImages/89/5010003060289/5010003060289_L.jpeg'),
(121, 26, 1, 'https://www.sainsburys.co.uk/shop/gb/groceries/kingsmill-tasty-wholemeal-no-crusts-400g', 1.4, 'Kingsmill No Crusts Medium Sliced Wholemeal Bread 400g', '400g', 'https://www.sainsburys.co.uk/wcsstore7.43.4/ExtendedSitesCatalogAssetStore/images/catalog/productImages/15/5010092724215/5010092724215_L.jpeg'),
(122, 26, 1, 'https://www.sainsburys.co.uk/shop/gb/groceries/warburtons-weightwatchers-wholemeal-toastie-bread-400g', 1, 'Warburtons Weight Watchers Thick Sliced Wholemeal Bread 400g', '400g', 'https://www.sainsburys.co.uk/wcsstore7.43.4/ExtendedSitesCatalogAssetStore/images/catalog/productImages/51/5010044003351/5010044003351_L.jpeg'),
(123, 26, 1, 'https://www.sainsburys.co.uk/shop/gb/groceries/warburtons-malty-grain-loaf-400g', 1.2, 'Warburtons Malted Grain & Seeds Medium Sliced Wholemeal Bread 400g', '400g', 'https://www.sainsburys.co.uk/wcsstore7.43.4/ExtendedSitesCatalogAssetStore/images/catalog/productImages/36/5010044006536/5010044006536_L.jpeg'),
(124, 26, 1, 'https://www.sainsburys.co.uk/shop/gb/groceries/warburtons-wholegrain---oats-loaf-400g', 1.2, 'Warburtons Wholegrain & Oats Medium Sliced Wholemeal Bread 400g', '400g', 'https://www.sainsburys.co.uk/wcsstore7.43.4/ExtendedSitesCatalogAssetStore/images/catalog/productImages/43/5010044006543/5010044006543_L.jpeg'),
(125, 22, 6, 'https://groceries.morrisons.com/webshop/product/Philadelphia-Original-Soft-Cheese/251400011?from=search&param=philadelphia%20soft%20cheese', 2, 'Philadelphia Original Soft Cheese340g', '340g', 'https://groceries.morrisons.com/productImages/251/251400011_0_150x150.jpg?identifier=1e7a5a08af3d77ddb522b8456f5f3728'),
(126, 26, 1, 'https://www.sainsburys.co.uk/shop/gb/groceries/warburtons-multigrain-seeds-medium-sliced-wholemeal-bread-400g', 2, 'Warburtons Multigrain & Seeds Medium Sliced Wholemeal Bread 400g', '400g', 'https://www.sainsburys.co.uk/wcsstore7.43.4/ExtendedSitesCatalogAssetStore/images/catalog/productImages/19/5010044006819/5010044006819_L.jpeg'),
(127, 22, 6, 'https://groceries.morrisons.com/webshop/product/Philadelphia-Original-Soft-Cheese/251401011?from=search&param=philadelphia%20soft%20cheese', 2, 'Philadelphia Light Soft Cheese 340g', '340g', 'https://groceries.morrisons.com/productImages/251/251393011_0_150x150.jpg?identifier=3b05ff31fc2a9d2d3f210738a6277c37'),
(128, 26, 1, 'https://www.sainsburys.co.uk/shop/gb/groceries/sainsburys-standard-wholemeal-medium-400g', 0.5, 'Sainsbury\'s Wholemeal Bread Medium 400g', '400g', 'https://www.sainsburys.co.uk/wcsstore7.43.4/ExtendedSitesCatalogAssetStore/images/catalog/productImages/81/0000000311281/0000000311281_L.jpeg'),
(129, 22, 6, 'https://groceries.morrisons.com/webshop/product/Philadelphia-Light-Soft-Cheese/251394011?from=search&param=philadelphia%20soft%20cheese', 2, 'Philadelphia Garlic & Herb Soft Cheese340g', '340g', 'https://groceries.morrisons.com/productImages/251/251397011_0_150x150.jpg?identifier=215911c072e96a3194090e31cb068d8d'),
(130, 26, 1, 'https://www.sainsburys.co.uk/shop/gb/groceries/hi-lo-loaf', 1.75, 'Hi-Lo Seeded Medium Sliced Wholemeal Bread 400g', '400g', 'https://www.sainsburys.co.uk/wcsstore7.43.4/ExtendedSitesCatalogAssetStore/images/catalog/productImages/97/5024285012997/5024285012997_L.jpeg'),
(131, 22, 6, 'https://groceries.morrisons.com/webshop/product/Philadelphia-Garlic-Herb-Soft-Cheese/251396011?from=search&param=philadelphia%20soft%20cheese', 2, 'Philadelphia Chives Soft Cheese 340g', '340g', 'https://groceries.morrisons.com/productImages/251/251392011_0_150x150.jpg?identifier=c2080f279a6940c219f0a2a67590eaf1'),
(132, 23, 6, 'https://groceries.morrisons.com/webshop/product/Warburtons-Medium-White-Loaf/210860011?from=search&param=white%20bread', 1.2, 'Roberts Thick White Bread800g', '800g', 'https://groceries.morrisons.com/productImages/280/280751011_0_150x150.jpg?identifier=bc10f2346d3ded94d17812cf5e37ec85'),
(133, 23, 6, 'https://groceries.morrisons.com/webshop/product/Roberts-Thick-White-Bread/280751011?from=search&param=white%20bread', 1.2, 'Roberts Medium White Bread800g', '800g', 'https://groceries.morrisons.com/productImages/280/280752011_0_150x150.jpg?identifier=f7062c4c961294e37ca538ba44374974'),
(134, 23, 6, 'https://groceries.morrisons.com/webshop/product/Warburtons-Original-White-Farmhouse/210923011?from=search&param=white%20bread', 1.2, 'Roberts Mega White Bread800g', '800g', 'https://groceries.morrisons.com/productImages/280/280750011_0_150x150.jpg?identifier=2f63bb625db910c83bd518af0d53ae83'),
(135, 23, 6, 'https://groceries.morrisons.com/webshop/product/Rathbones-Farmhouse-Loaf/336949011?from=search&param=white%20bread', 0.85, 'Rathbones Toastie Bread White800g', '800g', 'https://groceries.morrisons.com/productImages/114/114300011_0_150x150.jpg?identifier=3472831dca7ac6a18b3f2ac015f83de0'),
(136, 27, 1, 'https://www.sainsburys.co.uk/shop/gb/groceries/tropicana-smooth-orange-juice-950ml-2537443-p', 2.45, 'Tropicana Smooth Orange Juice 950ml', '950ml', 'https://www.sainsburys.co.uk/wcsstore7.43.4/ExtendedSitesCatalogAssetStore/images/catalog/productImages/73/5022313731773/5022313731773_L.jpeg'),
(137, 27, 1, 'https://www.sainsburys.co.uk/shop/gb/groceries/tropicana-original-orange-juice-with-bits-1l', 2.45, 'Tropicana Orange Juice Original 950ml', '950ml', 'https://www.sainsburys.co.uk/wcsstore7.43.4/ExtendedSitesCatalogAssetStore/images/catalog/productImages/06/5022313731506/5022313731506_L.jpeg'),
(138, 27, 1, 'https://www.sainsburys.co.uk/shop/gb/groceries/tropicana-orange-juice-with-extra-juicy-bits-1l', 2.45, 'Tropicana Orange Juice with Extra Juicy Bits 950ml', '950ml', 'https://www.sainsburys.co.uk/wcsstore7.43.4/ExtendedSitesCatalogAssetStore/images/catalog/productImages/38/5022313732138/5022313732138_L.jpeg'),
(139, 28, 1, 'https://www.sainsburys.co.uk/shop/gb/groceries/tropicana-smooth-orange-300ml', 1.5, 'Tropicana Orange Juice Smooth 300ml', '300ml', 'https://www.sainsburys.co.uk/wcsstore7.43.4/ExtendedSitesCatalogAssetStore/images/catalog/productImages/07/5022313331607/5022313331607_L.jpeg'),
(140, 28, 1, 'https://www.sainsburys.co.uk/shop/gb/groceries/tropicana-original-300ml', 1.5, 'Tropicana Orange Juice with Bits 300ml', '300ml', 'https://www.sainsburys.co.uk/wcsstore7.43.4/ExtendedSitesCatalogAssetStore/images/catalog/productImages/54/5022313332154/5022313332154_L.jpeg'),
(141, 28, 1, 'https://www.sainsburys.co.uk/shop/gb/groceries/tropicana-orange-mango-juice-300ml', 1.5, 'Tropicana Orange & Mango Juice 300ml', '300ml', 'https://www.sainsburys.co.uk/wcsstore7.43.4/ExtendedSitesCatalogAssetStore/images/catalog/productImages/06/5022313332406/5022313332406_L.jpeg'),
(142, 26, 6, 'https://groceries.morrisons.com/webshop/product/Rankin-Selection-Irish-Brown-Soda-Bread/114351011?from=search&param=wholemeal%20bread', 0.85, 'Morrisons High Protein Wholemeal Bread 400g', '400g', 'https://groceries.morrisons.com/productImages/362/362067011_0_150x150.jpg?identifier=840e16fd833a163357acc64a54d6847e'),
(143, 27, 6, 'https://groceries.morrisons.com/webshop/product/Tropicana-Original-Orange-Juice-With-Bits/116520011?from=search&param=tropicana%20orange%20juice', 2.75, 'Tropicana Smooth Orange Juice 950ml950ml', '950ml', 'https://groceries.morrisons.com/productImages/363/363186011_0_150x150.jpg?identifier=2346c92d217988705283974df6fe5c6c'),
(144, 27, 6, 'https://groceries.morrisons.com/offers/offer-price-2-was-3-80-1004496936', 2.75, 'Tropicana Extra Juicy Bits Orange Juice950ml', '950ml', 'https://groceries.morrisons.com/productImages/363/363183011_0_150x150.jpg?identifier=e115abe05d335455c3e585aa8fd2ead6'),
(145, 27, 6, 'https://groceries.morrisons.com/offers/buy-2-for-3-1004497844', 2.75, 'Tropicana Original Orange Juice950ml', '950ml', 'https://groceries.morrisons.com/productImages/363/363185011_0_150x150.jpg?identifier=acf6ef1a9319c11119e22563ef5aa9f3'),
(146, 30, 1, 'https://www.sainsburys.co.uk/shop/gb/groceries/ocean-spray-cranberry-1l', 2.3, 'Ocean Spray Cranberry Juice 1L', '1L', 'https://www.sainsburys.co.uk/wcsstore7.43.4/ExtendedSitesCatalogAssetStore/images/catalog/productImages/56/0031200452856/0031200452856_L.jpeg'),
(147, 30, 1, 'https://www.sainsburys.co.uk/shop/gb/groceries/long-life-juice-/ocean-spray-cranberry-classic-juice-drink-4x1l', 4.85, 'Ocean Spray Cranberry Classic Juice Drink 4x1L', '1L', 'https://www.sainsburys.co.uk/wcsstore7.43.4/ExtendedSitesCatalogAssetStore/images/catalog/productImages/93/0031200452993/0031200452993_L.jpeg'),
(148, 30, 1, 'https://www.sainsburys.co.uk/shop/gb/groceries/ocean-spray-juice-drink--cranberry---blackcurrant-1l', 1.4, 'Ocean Spray Juice Drink, Cranberry & Blackcurrant 1L', '1L', 'https://www.sainsburys.co.uk/wcsstore7.43.4/ExtendedSitesCatalogAssetStore/images/catalog/productImages/23/0031200452023/0031200452023_L.jpeg'),
(149, 30, 1, 'https://www.sainsburys.co.uk/shop/gb/groceries/ocean-spray-juice-drink--cranberry---blueberry-1l', 1.4, 'Ocean Spray Juice Drink, Cranberry & Blueberry 1L', '1L', 'https://www.sainsburys.co.uk/wcsstore7.43.4/ExtendedSitesCatalogAssetStore/images/catalog/productImages/38/5010663804438/5010663804438_L.jpeg'),
(150, 30, 1, 'https://www.sainsburys.co.uk/shop/gb/groceries/oceanspray-juice-drink--cranberry---pomegranate-1l', 1.4, 'Ocean Spray Juice Drink, Cranberry & Pomegranate 1L', '1L', 'https://www.sainsburys.co.uk/wcsstore7.43.4/ExtendedSitesCatalogAssetStore/images/catalog/productImages/52/5010663804452/5010663804452_L.jpeg'),
(151, 30, 1, 'https://www.sainsburys.co.uk/shop/gb/groceries/long-life-juice-/ocean-spray-cranberry---raspberry-juice-drink-4x1l', 4.85, 'Ocean Spray Cranberry Classic Juice Drink Light 4x1L', '1L', 'https://www.sainsburys.co.uk/wcsstore7.43.4/ExtendedSitesCatalogAssetStore/images/catalog/productImages/04/5010663800904/5010663800904_L.jpeg'),
(152, 30, 1, 'https://www.sainsburys.co.uk/shop/gb/groceries/ocean-spray-cranberry-classic-1l', 1.4, 'Ocean Spray Cranberry Classic 1L', '1L', 'https://www.sainsburys.co.uk/wcsstore7.43.4/ExtendedSitesCatalogAssetStore/images/catalog/productImages/09/0031200452009/0031200452009_L.jpeg'),
(153, 30, 1, 'https://www.sainsburys.co.uk/shop/gb/groceries/ocean-spray-cranberry-classic-light-1l', 1.4, 'Ocean Spray Cranberry Classic Light 1L', '1L', 'https://www.sainsburys.co.uk/wcsstore7.43.4/ExtendedSitesCatalogAssetStore/images/catalog/productImages/03/0031200452603/0031200452603_L.jpeg'),
(154, 30, 1, 'https://www.sainsburys.co.uk/shop/gb/groceries/ocean-spray-cranberry---raspberry-1l', 1.4, 'Ocean Spray Cranberry & Raspberry 1L', '1L', 'https://www.sainsburys.co.uk/wcsstore7.43.4/ExtendedSitesCatalogAssetStore/images/catalog/productImages/16/0031200452016/0031200452016_L.jpeg'),
(155, 29, 6, 'https://groceries.morrisons.com/webshop/product/Tropicana-Pressed-Apple-Juice/363182011?from=search&param=tropicana%20apple%20juice', 2.75, 'Tropicana Pressed Apple Juice950ml', '950ml', 'https://groceries.morrisons.com/productImages/363/363182011_0_150x150.jpg?identifier=9fb2590764ead81e70b990ad4ff71e2c'),
(156, 31, 1, 'https://www.sainsburys.co.uk/shop/gb/groceries/innocent-smooth-orange-juice-135l', 3, 'Innocent Smooth Orange Juice 1.35L', '1.35', 'https://www.sainsburys.co.uk/wcsstore7.43.4/ExtendedSitesCatalogAssetStore/images/catalog/productImages/04/5038862102704/5038862102704_L.jpeg'),
(157, 31, 1, 'https://www.sainsburys.co.uk/shop/gb/groceries/innocent-orange-juice-with-bits-135l', 3, 'Innocent Orange Juice with Bits 1.35L', '1.35', 'https://www.sainsburys.co.uk/wcsstore7.43.4/ExtendedSitesCatalogAssetStore/images/catalog/productImages/00/5038862100700/5038862100700_L.jpeg'),
(158, 30, 6, 'https://groceries.morrisons.com/webshop/product/Ocean-Spray-Cranberry-Classic-Juice-Drink/110967011?from=search&param=ocean%20spray%20cranberry%20juice', 1.5, 'Ocean Spray Cranberry Classic Juice Drink1L', '1L', 'https://groceries.morrisons.com/productImages/110/110967011_0_150x150.jpg?identifier=8722ecd4322bd96757818865d459e7c9'),
(159, 30, 6, 'https://groceries.morrisons.com/webshop/product/Ocean-Spray-Cranberry-Classic-Light-Juice-Drink/110966011?from=search&param=ocean%20spray%20cranberry%20juice', 1.5, 'Ocean Spray Cranberry Classic Light Juice Drink1L', '1L', 'https://groceries.morrisons.com/productImages/110/110966011_0_150x150.jpg?identifier=59075f095e7521117f5d767705ba888a'),
(160, 30, 6, 'https://groceries.morrisons.com/webshop/product/Ocean-Spray-Cranberry-Classic-Juice-Drink/216602011?from=search&param=ocean%20spray%20cranberry%20juice', 5, 'Ocean Spray Cranberry Classic Juice Drink4 x 1L', '1L', 'https://groceries.morrisons.com/productImages/216/216602011_0_150x150.jpg?identifier=6fb46db9a58380ea56cc0fc2fab3388b'),
(161, 30, 6, 'https://groceries.morrisons.com/webshop/product/Ocean-Spray-Cranberry-Light-Juice-Drink/284398011?from=search&param=ocean%20spray%20cranberry%20juice', 5, 'Ocean Spray Cranberry Light Juice Drink4 x 1L', '1L', 'https://groceries.morrisons.com/productImages/284/284398011_0_150x150.jpg?identifier=71df160b4356e90e4a931f5a8b7c343b'),
(162, 30, 6, 'https://groceries.morrisons.com/webshop/product/Ocean-Spray-Cranberry-Raspberry-Juice/110970011?from=search&param=ocean%20spray%20cranberry%20juice', 1.5, 'Ocean Spray Cranberry & Raspberry Juice1L', '1L', 'https://groceries.morrisons.com/productImages/110/110970011_0_150x150.jpg?identifier=00b2bb9da0950d90e32b0c3510315951');
INSERT INTO `product_price` (`price_id`, `product_id`, `supermarket_id`, `price_source`, `product_price`, `product_description`, `product_volume`, `product_image`) VALUES
(163, 30, 6, 'https://groceries.morrisons.com/webshop/product/Ocean-Spray-Cranberry-High-Juice-Drink/114098011?from=search&param=ocean%20spray%20cranberry%20juice', 2, 'Ocean Spray Cranberry High Juice Drink1L', '1L', 'https://groceries.morrisons.com/productImages/114/114098011_0_150x150.jpg?identifier=cfcb83714f8bafa2c74b162e7b0f63eb'),
(164, 30, 6, 'https://groceries.morrisons.com/webshop/product/Ocean-Spray-Cranberry-Origina/465206011?from=search&param=ocean%20spray%20cranberry%20juice', 2.2, 'Ocean Spray Cranberry Origina1L', '1L', 'https://groceries.morrisons.com/productImages/465/465206011_0_150x150.jpg?identifier=f051ade2918958d1dd9c2a024a2e28ba'),
(165, 32, 1, 'https://www.sainsburys.co.uk/shop/gb/groceries/innocent-tropical-juice-135l', 3, 'Innocent Tropical Juice Blend 1.35L', '1.35', 'https://www.sainsburys.co.uk/wcsstore7.43.4/ExtendedSitesCatalogAssetStore/images/catalog/productImages/02/5038862106702/5038862106702_L.jpeg'),
(166, 33, 1, 'https://www.sainsburys.co.uk/shop/gb/groceries/innocent-apple-mango-juice-135l', 3, 'Innocent Apple & Mango Juice 1.35L', '1.35', 'https://www.sainsburys.co.uk/wcsstore7.43.4/ExtendedSitesCatalogAssetStore/images/catalog/productImages/09/5038862107709/5038862107709_L.jpeg'),
(167, 31, 6, 'https://groceries.morrisons.com/offers/offer-price-2-was-3-30-1004405162', 2.5, 'Innocent Smooth Orange Juice1.35L', '1.35', 'https://groceries.morrisons.com/productImages/116/116562011_0_150x150.jpg?identifier=f09587e8a7a165fed22951d8614de49d'),
(168, 31, 6, 'https://groceries.morrisons.com/offers/offer-price-2-50-was-3-30-1004497577', 2.5, 'Innocent Orange Juice with Bits1.35L', '1.35', 'https://groceries.morrisons.com/productImages/116/116563011_0_150x150.jpg?identifier=970a68e9a89a51e1e045b7f6accda367'),
(169, 34, 1, 'https://www.sainsburys.co.uk/shop/gb/groceries/the-laughing-cow-cheese-triangles--light-x16-280g', 2.3, 'Laughing Cow Cheese Triangles, Light x16 280g', '280g', 'https://www.sainsburys.co.uk/wcsstore7.43.4/ExtendedSitesCatalogAssetStore/images/catalog/productImages/11/3073780836111/3073780836111_L.jpeg'),
(170, 32, 6, 'https://groceries.morrisons.com/offers/offer-price-1-75-was-2-50-1004403154', 2.5, 'Innocent Tropical Juice1.35L', '1.35', 'https://groceries.morrisons.com/productImages/232/232750011_0_150x150.jpg?identifier=fccf14a0f9114ae7b4bae3e0ed88f916'),
(171, 35, 1, 'https://www.sainsburys.co.uk/shop/gb/groceries/the-laughing-cow-cheese-triangles--extra-light-x8-140g', 1.5, 'Laughing Cow Cheese Triangles, Extra Light x8 140g', '140g', 'https://www.sainsburys.co.uk/wcsstore7.43.4/ExtendedSitesCatalogAssetStore/images/catalog/productImages/38/3073780914338/3073780914338_L.jpeg'),
(172, 1, 4, 'https://groceries.asda.com/product/37517', 0.49, 'ASDA Whole Milk 1pt', '1 pint', 'https://ui.assets-asda.com/dm/asdagroceries/20335489?$ProdList$'),
(173, 1, 4, 'https://groceries.asda.com/product/31972698', 0.58, 'ASDA Organic Whole Milk 1pt', '1 pint', 'https://ui.assets-asda.com/dm/asdagroceries/5050854581649?$ProdList$'),
(174, 36, 1, 'https://www.sainsburys.co.uk/shop/gb/groceries/danone-yogurt/activia-fat-free-red-fruit-yogurt-8x125g', 2.5, 'Activia No Added Sugar 0% Fat Mixed Red Fruits Yogurt 8x120', '8x120g', 'https://www.sainsburys.co.uk/wcsstore7.43.4/ExtendedSitesCatalogAssetStore/images/catalog/productImages/85/5060360503585/5060360503585_L.jpeg'),
(175, 36, 1, 'https://www.sainsburys.co.uk/shop/gb/groceries/danone-yogurt/activia-weekly-yellow-fruits-8x125g', 2.5, 'Activia Mixed Yellow Fruits Yogurt 8x120g', '8x120g', 'https://www.sainsburys.co.uk/wcsstore7.43.4/ExtendedSitesCatalogAssetStore/images/catalog/productImages/09/5060360503509/5060360503509_L.jpeg'),
(176, 36, 1, 'https://www.sainsburys.co.uk/shop/gb/groceries/danone-yogurt/activia-weekly-red-fruits-yogurt-8x125g', 2.5, 'Activia Health Fruits Yogurt 8x120g', '8x120g', 'https://www.sainsburys.co.uk/wcsstore7.43.4/ExtendedSitesCatalogAssetStore/images/catalog/productImages/86/5060360503486/5060360503486_L.jpeg'),
(177, 36, 1, 'https://www.sainsburys.co.uk/shop/gb/groceries/danone-yogurt/activia-fat-free-yellow-fruits-8x125g', 2.5, 'Activia No Added Sugar 0% Fat Mixed Fruits Yogurt 8x120g', '8x120g', 'https://www.sainsburys.co.uk/wcsstore7.43.4/ExtendedSitesCatalogAssetStore/images/catalog/productImages/61/5060360503561/5060360503561_L.jpeg'),
(178, 36, 1, 'https://www.sainsburys.co.uk/shop/gb/groceries/danone-yogurt/activia-cherry---berry-yogurt-8x125g', 2.5, 'Activia Red Fruits Yogurt 8x120g', '8x120g', 'https://www.sainsburys.co.uk/wcsstore7.43.4/ExtendedSitesCatalogAssetStore/images/catalog/productImages/23/5060360503523/5060360503523_L.jpeg'),
(179, 37, 1, 'https://www.sainsburys.co.uk/shop/gb/groceries/danone-yogurt/activia-bio-yogurt-strawberry-4x125g', 2, 'Activia Strawberry Yogurt 4x120g', '4x120g', 'https://www.sainsburys.co.uk/wcsstore7.43.4/ExtendedSitesCatalogAssetStore/images/catalog/productImages/63/5060360503363/5060360503363_L.jpeg'),
(180, 37, 1, 'https://www.sainsburys.co.uk/shop/gb/groceries/danone-yogurt/activia-bio-yogurt-rhubarb-4x125g', 2, 'Activia Rhubarb Yogurt 4x120g', '4x120g', 'https://www.sainsburys.co.uk/wcsstore7.43.4/ExtendedSitesCatalogAssetStore/images/catalog/productImages/87/5060360503387/5060360503387_L.jpeg'),
(181, 37, 1, 'https://www.sainsburys.co.uk/shop/gb/groceries/danone-yogurt/activia-fat-free-yogurt-peach-4x125g', 2, 'Activia No Added Sugar 0% Fat Peach Yogurt 4x120g', '4x120g', 'https://www.sainsburys.co.uk/wcsstore7.43.4/ExtendedSitesCatalogAssetStore/images/catalog/productImages/64/5060360503264/5060360503264_L.jpeg'),
(182, 37, 1, 'https://www.sainsburys.co.uk/shop/gb/groceries/danone-yogurt/activia-fat-free-yogurt-cherry-4x125g', 2, 'Activia No Added Sugar 0% Fat Cherry Yogurt 4x120g', '4x120g', 'https://www.sainsburys.co.uk/wcsstore7.43.4/ExtendedSitesCatalogAssetStore/images/catalog/productImages/40/5060360503240/5060360503240_L.jpeg'),
(183, 37, 1, 'https://www.sainsburys.co.uk/shop/gb/groceries/danone-yogurt/activia-fat-free-vanilla-4x125g', 2, 'Activia No Added Sugar 0% Fat Vanilla Yogurt 4x120g', '4x120g', 'https://www.sainsburys.co.uk/wcsstore7.43.4/ExtendedSitesCatalogAssetStore/images/catalog/productImages/88/5060360503288/5060360503288_L.jpeg'),
(184, 37, 1, 'https://www.sainsburys.co.uk/shop/gb/groceries/danone-yogurt/danone-activia-0-%25-raspberry-4x125g', 2, 'Activia No Added Sugar 0% Fat Raspberry Yogurt 4x120g', '4x120g', 'https://www.sainsburys.co.uk/wcsstore7.43.4/ExtendedSitesCatalogAssetStore/images/catalog/productImages/01/5060360503301/5060360503301_L.jpeg'),
(185, 37, 1, 'https://www.sainsburys.co.uk/shop/gb/groceries/danone-yogurt/activia-blueberry-yogurt-4x125g', 2, 'Activia Blueberry Yogurt 4x120g', '4x120g', 'https://www.sainsburys.co.uk/wcsstore7.43.4/ExtendedSitesCatalogAssetStore/images/catalog/productImages/62/5060360503462/5060360503462_L.jpeg'),
(186, 37, 1, 'https://www.sainsburys.co.uk/shop/gb/groceries/danone-yogurt/activia-0%25-fat-strawberry-yogurt-4x125g', 2, 'Activia No Added Sugar 0% Fat Strawberry Yogurt 4x120g', '4x120g', 'https://www.sainsburys.co.uk/wcsstore7.43.4/ExtendedSitesCatalogAssetStore/images/catalog/productImages/25/5060360503325/5060360503325_L.jpeg'),
(187, 37, 1, 'https://www.sainsburys.co.uk/shop/gb/groceries/danone-yogurt/activia-cherry-yogurt-4x125g', 2, 'Activia Cherry Yogurt 4x120g', '4x120g', 'https://www.sainsburys.co.uk/wcsstore7.43.4/ExtendedSitesCatalogAssetStore/images/catalog/productImages/48/5060360503448/5060360503448_L.jpeg'),
(188, 37, 1, 'https://www.sainsburys.co.uk/shop/gb/groceries/danone-yogurt/activia-grains---nuts-walnut---oats-yogurt-4x120g', 1.5, 'Activia Grains & Nuts Walnut & Oats Yogurt 4x120g', '4x120g', 'https://www.sainsburys.co.uk/wcsstore7.43.4/ExtendedSitesCatalogAssetStore/images/catalog/productImages/59/5060360502359/5060360502359_L.jpeg'),
(189, 37, 1, 'https://www.sainsburys.co.uk/shop/gb/groceries/danone-yogurt/activia-grains---nuts--museli---fruit-0%25-fat-yogurt-4x120g', 1.5, 'Activia Grains & Nuts, Muesli & Fruit 0% Fat Yogurt 4x120g', '4x120g', 'https://www.sainsburys.co.uk/wcsstore7.43.4/ExtendedSitesCatalogAssetStore/images/catalog/productImages/73/5060360502373/5060360502373_L.jpeg'),
(190, 37, 1, 'https://www.sainsburys.co.uk/shop/gb/groceries/danone-yogurt/activia-special-edition-grains-nuts-hazelnut-apple-cereals-4-x-120g', 1.5, 'Activia Special Edition Grains & Nuts Hazelnut, Apple & Cereals 4 x 120g', '4x120g', 'https://www.sainsburys.co.uk/wcsstore7.43.4/ExtendedSitesCatalogAssetStore/images/catalog/productImages/94/5060360502694/5060360502694_L.jpeg'),
(191, 36, 6, 'https://groceries.morrisons.com/offers/buy-2-for-3-1004329969', 3, 'Activia Fruit Mixed8 x 120g', '8x120g', 'https://groceries.morrisons.com/productImages/451/451662011_0_150x150.jpg?identifier=95a4a6b08d8028f7353cc165498e8446'),
(192, 36, 6, 'https://groceries.morrisons.com/webshop/product/Activia-Raspberry-0-Fat/451664011?from=search&param=activia%20yougurt', 3, 'Activia Mixed Red Fruits 0% Fat8 x 120g', '8x120g', 'https://groceries.morrisons.com/productImages/451/451658011_0_150x150.jpg?identifier=ae55a3fd98c6a8303cfeb9888da6e9f1'),
(193, 36, 6, 'https://groceries.morrisons.com/offers/buy-2-for-3-1004329969', 3, 'Activia Mixed Yellow Fruits 0% Fat8 x 120g', '8x120g', 'https://groceries.morrisons.com/productImages/451/451659011_0_150x150.jpg?identifier=318e4f6b2709e6847f14dce7cd8ff8fd'),
(194, 36, 6, 'https://groceries.morrisons.com/webshop/product/Activia-Fusions-Prune-Yogurt/211583011?from=search&param=activia%20yougurt', 3, 'Activia Fruit Health8 x 120g', '8x120g', 'https://groceries.morrisons.com/productImages/451/451661011_0_150x150.jpg?identifier=0c6a454d765b6a5c19396be7b008dbb5'),
(195, 38, 1, 'https://www.sainsburys.co.uk/shop/gb/groceries/danone-yogurt/activia-intensely-creamy-strawberry-4x110g', 2.4, 'Activia Intensely Creamy Strawberry Greek Style Yogurt 4x110g', '4x110g', 'https://www.sainsburys.co.uk/wcsstore7.43.4/ExtendedSitesCatalogAssetStore/images/catalog/productImages/03/5060360500003/5060360500003_L.jpeg'),
(196, 38, 1, 'https://www.sainsburys.co.uk/shop/gb/groceries/danone-yogurt/activia-intensely-creamy-peach-4x110g', 2.4, 'Activia Intensely Creamy Peach Greek Style Yogurt 4x110g', '4x110g', 'https://www.sainsburys.co.uk/wcsstore7.43.4/ExtendedSitesCatalogAssetStore/images/catalog/productImages/41/5060360500041/5060360500041_L.jpeg'),
(197, 38, 1, 'https://www.sainsburys.co.uk/shop/gb/groceries/danone-yogurt/activia-intensely-creamy-vanilla-4x110g', 2.4, 'Activia Intensely Creamy Vanilla Greek Style Yogurt 4x110g', '4x110g', 'https://www.sainsburys.co.uk/wcsstore7.43.4/ExtendedSitesCatalogAssetStore/images/catalog/productImages/89/5060360500089/5060360500089_L.jpeg'),
(198, 38, 1, 'https://www.sainsburys.co.uk/shop/gb/groceries/danone-yogurt/activia-intensely-creamy-bluebrry-4x110g', 2.4, 'Activia Intensely Creamy Blueberry Greek Style Yogurt 4x110g', '4x110g', 'https://www.sainsburys.co.uk/wcsstore7.43.4/ExtendedSitesCatalogAssetStore/images/catalog/productImages/64/5060360500164/5060360500164_L.jpeg'),
(199, 37, 6, 'https://groceries.morrisons.com/offers/buy-4-for-3-1004497746', 2, 'Activia Strawberry4 x 120g', '4x120g', 'https://groceries.morrisons.com/productImages/451/451666011_0_150x150.jpg?identifier=d41b2cec5dfaea34ca0668d8344d9c02'),
(200, 37, 6, 'https://groceries.morrisons.com/webshop/product/Activia-Strawberry/451666011?from=search&param=activia%20yougurt', 2, 'Activia Rhubarb4 x 120g', '4x120g', 'https://groceries.morrisons.com/productImages/451/451665011_0_150x150.jpg?identifier=74df0d13c1bdaf18ce3aa199c7e0851e'),
(201, 37, 6, 'https://groceries.morrisons.com/offers/buy-2-for-3-1004329969', 2, 'Activia Cherry 0% Fat4 x 120g', '4x120g', 'https://groceries.morrisons.com/productImages/451/451660011_0_150x150.jpg?identifier=a6e952916f1c7499b8cf1cf8c05ff75a'),
(202, 37, 6, 'https://groceries.morrisons.com/webshop/product/Activia-Cherry-0-Fat/451660011?from=search&param=activia%20yougurt', 2, 'Activia Peach 0% Fat4 x 120g', '4x120g', 'https://groceries.morrisons.com/productImages/451/451663011_0_150x150.jpg?identifier=3fa297f5592bdf18543c9f9d38cc03a5'),
(203, 37, 6, 'https://groceries.morrisons.com/webshop/product/Activia-Grains-Nuts-Walnut-Oats-4-Pots/393792011?from=search&param=activia%20yougurt', 2, 'Activia Vanilla 0% Fat4 x 120g', '4x120g', 'https://groceries.morrisons.com/productImages/451/451667011_0_150x150.jpg?identifier=a80f38266b4fe9885e4ff79fffe90d45'),
(204, 37, 6, 'https://groceries.morrisons.com/offers/buy-2-for-3-1004329969', 2, 'Activia Raspberry 0% Fat4 x 120g', '4x120g', 'https://groceries.morrisons.com/productImages/451/451664011_0_150x150.jpg?identifier=a5936f95e06a3a659ca4695a9dc06106'),
(205, 39, 1, 'https://www.sainsburys.co.uk/shop/gb/groceries/danone-yogurt/actimel-strawberry-yogurt-12x100g', 3, 'Actimel Yogurt Drink Strawberry 12x100g', '12x100g', 'https://www.sainsburys.co.uk/wcsstore7.43.4/ExtendedSitesCatalogAssetStore/images/catalog/productImages/68/5060058330868/5060058330868_L.jpeg'),
(206, 39, 1, 'https://www.sainsburys.co.uk/shop/gb/groceries/danone-yogurt/actimel-multi-fruit-12x100g', 3, 'Actimel Yogurt Drink Multifruit 12x100g', '12x100g', 'https://www.sainsburys.co.uk/wcsstore7.43.4/ExtendedSitesCatalogAssetStore/images/catalog/productImages/35/5060058331735/5060058331735_L.jpeg'),
(207, 39, 1, 'https://www.sainsburys.co.uk/shop/gb/groceries/danone-yogurt/actimel-original-01%25-fat-yogurt-12x100g', 3, 'Actimel Yogurt Drink 0.1% Fat Original 12x100g', '12x100g', 'https://www.sainsburys.co.uk/wcsstore7.43.4/ExtendedSitesCatalogAssetStore/images/catalog/productImages/66/5060058333166/5060058333166_L.jpeg'),
(208, 39, 1, 'https://www.sainsburys.co.uk/shop/gb/groceries/danone-yogurt/actimel-yogurt-drink-strawberry---blueberry-12x100g', 3, 'Actimel Yogurt Drink Strawberry & Blueberry 12x100g', '12x100g', 'https://www.sainsburys.co.uk/wcsstore7.43.4/ExtendedSitesCatalogAssetStore/images/catalog/productImages/62/5060360500362/5060360500362_L.jpeg'),
(209, 39, 1, 'https://www.sainsburys.co.uk/shop/gb/groceries/danone-yogurt/actimel-0%25-fat-strawberry-yogurt-drink-12x100g', 3, 'Actimel 0% Fat Strawberry Yogurt Drink 12x100g', '12x100g', 'https://www.sainsburys.co.uk/wcsstore7.43.4/ExtendedSitesCatalogAssetStore/images/catalog/productImages/51/5060360502151/5060360502151_L.jpeg'),
(210, 38, 6, 'https://groceries.morrisons.com/offers/buy-2-for-3-1004329969', 2, 'Activia Intensely Creamy Strawberry Yogurts4 x 110g', '4x110g', 'https://groceries.morrisons.com/productImages/232/232739011_0_150x150.jpg?identifier=a6dae966232b181e588bae1f12cd7993'),
(211, 38, 6, 'https://groceries.morrisons.com/offers/buy-4-for-3-1004497746', 2, 'Activia Intensely Creamy Peach Yogurts4 x 110g', '4x110g', 'https://groceries.morrisons.com/productImages/232/232768011_0_150x150.jpg?identifier=b3ec6f6f55835964f0ba5ef204afcc72'),
(212, 38, 6, 'https://groceries.morrisons.com/webshop/product/Activia-Peach-0-Fat/451663011?from=search&param=activia%20yougurt', 2, 'Activia Intensely Creamy Raspberry Yogurts4 x 110g', '4x110g', 'https://groceries.morrisons.com/productImages/233/233137011_0_150x150.jpg?identifier=e95518fede50b9535aa983f77880c989'),
(213, 38, 6, 'https://groceries.morrisons.com/offers/buy-2-for-3-1004329969', 2, 'Activia Intensely Creamy Cherry Yogurts4 x 110g', '4x110g', 'https://groceries.morrisons.com/productImages/232/232753011_0_150x150.jpg?identifier=31f69171ffcdbf3f9a0c239ba86ce1c9'),
(214, 38, 6, 'https://groceries.morrisons.com/webshop/product/Activia-Intensely-Creamy-Strawberry-Yogurts/232739011?from=search&param=activia%20yougurt', 2, 'Activia Intensely Creamy Vanilla Yogurts4 x 110g', '4x110g', 'https://groceries.morrisons.com/productImages/232/232769011_0_150x150.jpg?identifier=4af337a6287a85d9303dbef932448099'),
(215, 38, 6, 'https://groceries.morrisons.com/webshop/product/Activia-Vanilla-0-Fat/451667011?from=search&param=activia%20yougurt', 2, 'Activia Intensely Creamy Blueberry Yogurts4 x 110g', '4x110g', 'https://groceries.morrisons.com/productImages/233/233155011_0_150x150.jpg?identifier=f4b89a135acff2408b4f4823e03decaa'),
(216, 40, 1, 'https://www.sainsburys.co.uk/shop/gb/groceries/danone-yogurt/actimel-strawberry-01%25-fat-yogurt-8x100g', 2.25, 'Actimel Yogurt Drink 0.1% Fat Strawberry 8x100g', '8x100g', 'https://www.sainsburys.co.uk/wcsstore7.43.4/ExtendedSitesCatalogAssetStore/images/catalog/productImages/52/5060058332152/5060058332152_L.jpeg'),
(217, 40, 1, 'https://www.sainsburys.co.uk/shop/gb/groceries/danone-yogurt/actimel-yogurt-drink-strawberry-8x100g', 2.25, 'Actimel Yogurt Drink Strawberry 8x100g', '8x100g', 'https://www.sainsburys.co.uk/wcsstore7.43.4/ExtendedSitesCatalogAssetStore/images/catalog/productImages/24/5410146407024/5410146407024_L.jpeg'),
(218, 40, 1, 'https://www.sainsburys.co.uk/shop/gb/groceries/danone-yogurt/actimel-yogurt-drink--multi-fruits-8x100g', 2.25, 'Actimel Yogurt Drink Multifruit 8x100g', '8x100g', 'https://www.sainsburys.co.uk/wcsstore7.43.4/ExtendedSitesCatalogAssetStore/images/catalog/productImages/24/5016769993724/5016769993724_L.jpeg'),
(219, 40, 1, 'https://www.sainsburys.co.uk/shop/gb/groceries/danone-yogurt/actimel-yogurt-drink-01%25-fat-8x100g', 2.25, 'Actimel Yogurt Drink 0.1% Fat Original 8x100g', '8x100g', 'https://www.sainsburys.co.uk/wcsstore7.43.4/ExtendedSitesCatalogAssetStore/images/catalog/productImages/46/5099417010646/5099417010646_L.jpeg'),
(220, 40, 1, 'https://www.sainsburys.co.uk/shop/gb/groceries/danone-yogurt/actimel-blueberry-yogurt-8x100g', 2.25, 'Actimel Yogurt Drink Blueberry 8x100g', '8x100g', 'https://www.sainsburys.co.uk/wcsstore7.43.4/ExtendedSitesCatalogAssetStore/images/catalog/productImages/57/5060058334057/5060058334057_L.jpeg'),
(221, 40, 1, 'https://www.sainsburys.co.uk/shop/gb/groceries/danone-yogurt/actimel-coconut-yogurt-8x100g', 2.25, 'Actimel Yogurt Drink Coconut 8x100g', '8x100g', 'https://www.sainsburys.co.uk/wcsstore7.43.4/ExtendedSitesCatalogAssetStore/images/catalog/productImages/02/5060058334002/5060058334002_L.jpeg'),
(222, 40, 1, 'https://www.sainsburys.co.uk/shop/gb/groceries/danone-yogurt/actimel-yogurt-drink-berry-burst-8x100g', 2.25, 'Actimel Yogurt Drink 0% Fat Lemon 8x100g', '8x100g', 'https://www.sainsburys.co.uk/wcsstore7.43.4/ExtendedSitesCatalogAssetStore/images/catalog/productImages/21/5060360503721/5060360503721_L.jpeg'),
(223, 39, 6, 'https://groceries.morrisons.com/webshop/product/Actimel-Kids-Strawberry-Yogurt-Drinks/258360011?from=search&param=actimel%20yogurt%20drink', 2, 'Actimel Strawberry Yogurt Drinks12 x 100g', '12x100g', 'https://groceries.morrisons.com/productImages/116/116434011_0_150x150.jpg?identifier=94df6e66d9af12177e2793ff6e5eb655'),
(224, 39, 6, 'https://groceries.morrisons.com/offers/buy-2-for-2-1004491511', 2, 'Actimel Multifruit Yogurt Drinks12 x 100g', '12x100g', 'https://groceries.morrisons.com/productImages/209/209840011_0_150x150.jpg?identifier=85851ec47a5681bb858a558707f09a77'),
(225, 39, 6, 'https://groceries.morrisons.com/webshop/product/Actimel-Strawberry-Blueberry/268818011?from=search&param=actimel%20yogurt%20drink', 2, 'Actimel 0% Fat Original Yogurt Drinks12 x 100g', '12x100g', 'https://groceries.morrisons.com/productImages/209/209841011_0_150x150.jpg?identifier=c12ffb74ef192fa392cc64215ffde216'),
(226, 40, 6, 'https://groceries.morrisons.com/offers/offer-price-2-was-3-75-1004392128', 2.75, 'Actimel 0% Fat Strawberry Yogurt Drinks8 x 100g', '8x100g', 'https://groceries.morrisons.com/productImages/116/116443011_0_150x150.jpg?identifier=6a8353a2cb085f10b2023b2ebbca4a09'),
(227, 40, 6, 'https://groceries.morrisons.com/webshop/product/Actimel-Multifruit-Yogurt-Drinks/209840011?from=search&param=actimel%20yogurt%20drink', 2.75, 'Actimel Strawberry Yogurt Drink8 x 100g', '8x100g', 'https://groceries.morrisons.com/productImages/116/116444011_0_150x150.jpg?identifier=0df329b01eac8707a3139982f7a65754'),
(228, 40, 6, 'https://groceries.morrisons.com/offers/offer-price-2-was-3-75-1004392120', 2.75, 'Actimel Multifruit Yogurt Drinks8 x 100g', '8x100g', 'https://groceries.morrisons.com/productImages/116/116445011_0_150x150.jpg?identifier=f61719ba97142d32d544014d72607eb2'),
(229, 40, 6, 'https://groceries.morrisons.com/offers/offer-price-2-was-3-75-1004392144', 2.75, 'Actimel Blueberry Yogurt Drinks8 x 100g', '8x100g', 'https://groceries.morrisons.com/productImages/116/116446011_0_150x150.jpg?identifier=1d3208e80cf3ea617c4ae1f14204601f'),
(230, 40, 6, 'https://groceries.morrisons.com/webshop/product/Actimel-0-Fat-Strawberry-Yogurt-Drinks/116443011?from=search&param=actimel%20yogurt%20drink', 2.75, 'Actimel 0% Fat Raspberry Yogurt Drink8 x 100g', '8x100g', 'https://groceries.morrisons.com/productImages/116/116440011_0_150x150.jpg?identifier=110ada5cab34d3690084d0d9973b5c99'),
(231, 40, 6, 'https://groceries.morrisons.com/offers/buy-2-for-4-1004497798', 2.75, 'Actimel 0% Fat Original Yogurt Drinks8 x 100g', '8x100g', 'https://groceries.morrisons.com/productImages/116/116441011_0_150x150.jpg?identifier=912d100157a5161121f3f4fc169db51f'),
(232, 2, 4, 'https://groceries.asda.com/product/23421', 0.79, 'ASDA Whole Milk 2pt', '2 pint', 'https://ui.assets-asda.com/dm/asdagroceries/20411992?$ProdList$'),
(233, 2, 4, 'https://groceries.asda.com/product/14319673', 0.89, 'ASDA Organic Whole Milk 2pt', '2 pint', 'https://ui.assets-asda.com/dm/asdagroceries/5050854275135?$ProdList$'),
(234, 43, 1, 'https://www.sainsburys.co.uk/shop/gb/groceries/anchor-butter--original-250g', 1.85, 'Anchor Butter 250g', '250g', 'https://www.sainsburys.co.uk/wcsstore7.43.4/ExtendedSitesCatalogAssetStore/images/catalog/productImages/05/5010137012505/5010137012505_L.jpeg'),
(235, 43, 1, 'https://www.sainsburys.co.uk/shop/gb/groceries/anchor-spreadable-250g', 2, 'Anchor Spreadable 250g', '250g', 'https://www.sainsburys.co.uk/wcsstore7.43.4/ExtendedSitesCatalogAssetStore/images/catalog/productImages/39/5707361100039/5707361100039_L.jpeg'),
(236, 44, 1, 'https://www.sainsburys.co.uk/shop/gb/groceries/anchor-block-unsalted-250g', 1.85, 'Anchor Unsalted Butter 250g', '250g', 'https://www.sainsburys.co.uk/wcsstore7.43.4/ExtendedSitesCatalogAssetStore/images/catalog/productImages/75/5707361100275/5707361100275_L.jpeg'),
(237, 45, 1, 'https://www.sainsburys.co.uk/shop/gb/groceries/anchor-spreadable-500g', 2.5, 'Anchor Spreadable 500g', '500g', 'https://www.sainsburys.co.uk/wcsstore7.43.4/ExtendedSitesCatalogAssetStore/images/catalog/productImages/53/5707361100053/5707361100053_L.jpeg'),
(238, 43, 6, 'https://groceries.morrisons.com/webshop/product/Anchor-Block-Butter/112317011?from=search&param=anchor%20salted%20butter', 1.64, 'Anchor Block Butter250g', '250g', 'https://groceries.morrisons.com/productImages/112/112317011_0_150x150.jpg?identifier=efbc725f664d0b3b11599d5a9a096a42'),
(239, 2, 2, 'https://www.amazon.co.uk/Morrisons-Whole-British-Milk-pints/dp/B01EYKV604/ref=sr_1_1?fpw=fresh&keywords=whole+milk+2+pint&qid=1574331969&s=amazonfresh&sr=1-1', 0.8, 'Morrisons Whole British Milk, 2 pints', '2 pint', 'https://m.media-amazon.com/images/I/51je1+CaP7L._AC_UL320_ML3_.jpg'),
(240, 44, 6, 'https://groceries.morrisons.com/webshop/product/Anchor-Unsalted-Block-Butter/121434011?from=search&param=anchor%20unsalted%20%20butter', 1.64, 'Anchor Unsalted Block Butter250g', '250g', 'https://groceries.morrisons.com/productImages/121/121434011_0_150x150.jpg?identifier=627c4045bac8467d7dc2dbcea7688811'),
(241, 45, 6, 'https://groceries.morrisons.com/offers/offer-price-2-50-was-3-50-1004498981', 2.5, 'Anchor Spreadable500g', '500g', 'https://groceries.morrisons.com/productImages/213/213035011_0_150x150.jpg?identifier=c3eb02dd658b52d430893ce66a5464be'),
(242, 49, 1, 'https://www.sainsburys.co.uk/shop/gb/groceries/lurpak-spreadable--slightly-salted-250g', 2.25, 'Lurpak Slightly Salted Spreadable 250g', '250g', 'https://www.sainsburys.co.uk/wcsstore7.43.4/ExtendedSitesCatalogAssetStore/images/catalog/productImages/09/5740900805309/5740900805309_L.jpeg'),
(243, 49, 1, 'https://www.sainsburys.co.uk/shop/gb/groceries/lurpak-spreadable--lighter-250g', 2.3, 'Lurpak Lighter Spreadable 250g', '250g', 'https://www.sainsburys.co.uk/wcsstore7.43.4/ExtendedSitesCatalogAssetStore/images/catalog/productImages/08/5740900815308/5740900815308_L.jpeg'),
(244, 46, 6, 'https://groceries.morrisons.com/offers/offer-price-2-50-was-3-50-1004498989', 2, 'Anchor Spreadable250g', '250g', 'https://groceries.morrisons.com/productImages/213/213033011_0_150x150.jpg?identifier=3b6e764029432ba4619d83ae3fbeceb2'),
(245, 50, 1, 'https://www.sainsburys.co.uk/shop/gb/groceries/lurpak-spread-500g', 2.75, 'Lurpak Spreadable 500g', '500g', 'https://www.sainsburys.co.uk/wcsstore7.43.4/ExtendedSitesCatalogAssetStore/images/catalog/productImages/08/5740900805408/5740900805408_L.jpeg'),
(246, 50, 1, 'https://www.sainsburys.co.uk/shop/gb/groceries/lurpak-spreadable--lighter-500g', 2.75, 'Lurpak Lighter Spreadable 500g', '500g', 'https://www.sainsburys.co.uk/wcsstore7.43.4/ExtendedSitesCatalogAssetStore/images/catalog/productImages/07/5740900815407/5740900815407_L.jpeg'),
(247, 50, 1, 'https://www.sainsburys.co.uk/shop/gb/groceries/lurpak-spreadable-unsalted-500g', 2.75, 'Lurpak Unsalted Spreadable 500g', '500g', 'https://www.sainsburys.co.uk/wcsstore7.43.4/ExtendedSitesCatalogAssetStore/images/catalog/productImages/86/5740900400986/5740900400986_L.jpeg'),
(248, 50, 1, 'https://www.sainsburys.co.uk/shop/gb/groceries/lurpak-spreadable-lightest-500g', 2.75, 'Lurpak Lightest Spreadable 500g', '500g', 'https://www.sainsburys.co.uk/wcsstore7.43.4/ExtendedSitesCatalogAssetStore/images/catalog/productImages/32/5740900401532/5740900401532_L.jpeg'),
(249, 50, 1, 'https://www.sainsburys.co.uk/shop/gb/groceries/lurpak-lighter-spreadable-with-olive-oil-500g', 2.75, 'Lurpak Spreadable with Olive Oil 500g', '500g', 'https://www.sainsburys.co.uk/wcsstore7.43.4/ExtendedSitesCatalogAssetStore/images/catalog/productImages/96/5740900401396/5740900401396_L.jpeg'),
(250, 3, 4, 'https://groceries.asda.com/product/20502', 1.09, 'ASDA Whole Milk 4pt', '4 pint', 'https://ui.assets-asda.com/dm/asdagroceries/20332167?$ProdList$'),
(251, 3, 4, 'https://groceries.asda.com/product/14319676', 1.5, 'ASDA Organic Whole Milk 4pt', '4 pint', 'https://ui.assets-asda.com/dm/asdagroceries/5050854275166?$ProdList$'),
(252, 3, 4, 'https://groceries.asda.com/product/910002516013', 1.34, 'Asda Arla Farmers Whole Milk 4pt', '4 pint', 'https://ui.assets-asda.com/dm/asdagroceries/5000181038552?$ProdList$'),
(253, 49, 6, 'https://groceries.morrisons.com/offers/offer-price-6-was-7-20-1004395377', 2.25, 'Lurpak Slightly Salted Spreadable250g', '250g', 'https://groceries.morrisons.com/productImages/112/112328011_0_150x150.jpg?identifier=4bd41158e3e27d0e5f00a8e19e25f493'),
(254, 49, 6, 'https://groceries.morrisons.com/webshop/product/Lurpak-Slightly-Salted-Spreadable/112328011?from=search&param=lurpak%20spreadable', 2.25, 'Lurpak Lighter Spreadable250g', '250g', 'https://groceries.morrisons.com/productImages/112/112334011_0_150x150.jpg?identifier=31d5756ea0cba22bfe9f10976f00b004'),
(255, 50, 6, 'https://groceries.morrisons.com/webshop/product/Lurpak-Slightly-Salted-Spreadable/112329011?from=search&param=lurpak%20spreadable', 3, 'Lurpak Slightly Salted Spreadable500g', '500g', 'https://groceries.morrisons.com/productImages/112/112329011_0_150x150.jpg?identifier=f07de8f4b4d9e3db29105bf8d1b0da05'),
(256, 50, 6, 'https://groceries.morrisons.com/webshop/product/Lurpak-Slightly-Salted-Spreadable/112333011?from=search&param=lurpak%20spreadable', 3, 'Lurpak Spreadable Softest500g', '500g', 'https://groceries.morrisons.com/productImages/408/408713011_0_150x150.jpg?identifier=8f9a0bbec77c3b95a2336db6f186b6c5'),
(257, 50, 6, 'https://groceries.morrisons.com/webshop/product/Lurpak-Spreadable-Softest/408713011?from=search&param=lurpak%20spreadable', 3, 'Lurpak Lighter Slightly Salted Spreadable500g', '500g', 'https://groceries.morrisons.com/productImages/112/112330011_0_150x150.jpg?identifier=a8813fca53ab329a7fc451d096e48015'),
(258, 50, 6, 'https://groceries.morrisons.com/offers/offer-price-3-was-3-85-1004496792', 3, 'Lurpak Spreadable Lighter With Olive Oil500g', '500g', 'https://groceries.morrisons.com/productImages/377/377521011_0_150x150.jpg?identifier=d42e9194087d8468d9b465b153abde87'),
(259, 50, 6, 'https://groceries.morrisons.com/webshop/product/Lurpak-Lighter-Slightly-Salted-Spreadable/112330011?from=search&param=lurpak%20spreadable', 3, 'Lurpak Unsalted Spreadable500g', '500g', 'https://groceries.morrisons.com/productImages/112/112320011_0_150x150.jpg?identifier=ab7091c689a4bbe26dc17ba20c75cc07'),
(260, 50, 6, 'https://groceries.morrisons.com/offers/offer-price-3-was-3-85-1004496768', 3, 'Lurpak Lighter Unsalted Spreadable500g', '500g', 'https://groceries.morrisons.com/productImages/112/112332011_0_150x150.jpg?identifier=e6dcb4eadf6729c03ba310223531600a'),
(261, 4, 4, 'https://groceries.asda.com/product/27657', 1.48, 'ASDA Whole Milk 6pt', '6 pint', 'https://ui.assets-asda.com/dm/asdagroceries/20349684?$ProdList$'),
(262, 3, 2, 'https://www.amazon.co.uk/Morrisons-Whole-British-pints-2-27L/dp/B00GKG2LHI/ref=sr_1_1?fpw=fresh&keywords=whole+milk+4+pint&qid=1574331977&s=amazonfresh&sr=1-1', 1.1, 'Morrisons Whole British Milk, 4 pints 2.27L', '4 pint', 'https://m.media-amazon.com/images/I/51MD4pcQj2L._AC_UL320_ML3_.jpg'),
(263, 3, 2, 'https://www.amazon.co.uk/Morrisons-Organic-British-Whole-2-272L/dp/B01EYKV7KI/ref=sr_1_3?fpw=fresh&keywords=whole+milk+4+pint&qid=1574331977&s=amazonfresh&sr=1-3', 1.8, 'Morrisons Organic British Whole Milk, 4 Pints, 2.272L', '4 pint', 'https://m.media-amazon.com/images/I/51ya-71tmUL._AC_UL320_ML3_.jpg'),
(264, 5, 4, 'https://groceries.asda.com/product/37518', 0.49, 'ASDA Semi Skimmed Milk 1pt', '1 pint', 'https://ui.assets-asda.com/dm/asdagroceries/20394561?$ProdList$'),
(265, 5, 4, 'https://groceries.asda.com/product/31972699', 0.58, 'ASDA Organic Semi Skimmed Milk 1pt', '1 pint', 'https://ui.assets-asda.com/dm/asdagroceries/5050854581656?$ProdList$'),
(266, 4, 2, 'https://www.amazon.co.uk/Morrisons-Whole-British-Milk-pints/dp/B01EYKV5U0/ref=sr_1_1?fpw=fresh&keywords=whole+milk+6+pint&qid=1574331985&s=amazonfresh&sr=1-1', 1.5, 'Morrisons Whole British Milk, 6 pints', '6 pint', 'https://m.media-amazon.com/images/I/511fJqn4MtL._AC_UL320_ML3_.jpg'),
(267, 6, 4, 'https://groceries.asda.com/product/23423', 0.79, 'ASDA Semi Skimmed Milk 2pt', '2 pint', 'https://ui.assets-asda.com/dm/asdagroceries/20411985?$ProdList$'),
(268, 6, 4, 'https://groceries.asda.com/product/14319672', 0.89, 'ASDA Organic Semi Skimmed Milk 2pt', '2 pint', 'https://ui.assets-asda.com/dm/asdagroceries/5050854275128?$ProdList$'),
(269, 7, 4, 'https://groceries.asda.com/product/20504', 1.09, 'ASDA Semi Skimmed Milk 4pt', '4 pint', 'https://ui.assets-asda.com/dm/asdagroceries/20337087?$ProdList$'),
(270, 7, 4, 'https://groceries.asda.com/product/910002516119', 1.34, 'Asda Arla Farmers Semi Skimmed Milk 4pt', '4 pint', 'https://ui.assets-asda.com/dm/asdagroceries/5000181038538?$ProdList$'),
(271, 7, 4, 'https://groceries.asda.com/product/14319675', 1.5, 'ASDA Organic Semi Skimmed Milk 4pt', '4 pint', 'https://ui.assets-asda.com/dm/asdagroceries/5050854275159?$ProdList$'),
(272, 8, 4, 'https://groceries.asda.com/product/20506', 1.48, 'ASDA Semi Skimmed Milk 6pt', '6 pint', 'https://ui.assets-asda.com/dm/asdagroceries/20353629?$ProdList$'),
(273, 9, 4, 'https://groceries.asda.com/product/17558457', 6, 'Cathedral City Mature Cheddar Cheese Twin Pack 2x350g', '350g', 'https://ui.assets-asda.com/dm/asdagroceries/5000295129733?$ProdList$'),
(274, 9, 4, 'https://groceries.asda.com/product/910000455372', 2, 'Cathedral City Mature Cheddar Cheese 350g', '350g', 'https://ui.assets-asda.com/dm/asdagroceries/5000295142893?$ProdList$'),
(275, 9, 4, 'https://groceries.asda.com/product/910002342370', 6, 'Cathedral City Mature Lighter Cheese Twin Pack 2x350g', '350g', 'https://ui.assets-asda.com/dm/asdagroceries/5000295149434?$ProdList$'),
(276, 9, 4, 'https://groceries.asda.com/product/910000328893', 2, 'Cathedral City Mature Lighter Cheese 350g', '350g', 'https://ui.assets-asda.com/dm/asdagroceries/5000295141612?$ProdList$'),
(277, 6, 2, 'https://www.amazon.co.uk/Morrisons-Semi-Skimmed-British-pints/dp/B01G8RV8KE/ref=sr_1_1?fpw=fresh&keywords=semi+skimmed+milk+2+pint&qid=1574331999&s=amazonfresh&sr=1-1', 0.8, 'Morrisons Semi Skimmed Milk British, 2 pints', '2 pint', 'https://m.media-amazon.com/images/I/415pEHxoXSL._AC_UL320_ML3_.jpg'),
(278, 6, 2, 'https://www.amazon.co.uk/Morrisons-Organic-Semi-Skimmed-pints/dp/B01EYKV7OO/ref=sr_1_2?fpw=fresh&keywords=semi+skimmed+milk+2+pint&qid=1574331999&s=amazonfresh&sr=1-2', 1.16, 'Morrisons Organic Semi Skimmed Milk, 2 pints', '2 pint', 'https://m.media-amazon.com/images/I/51DTDGXoPKL._AC_UL320_ML3_.jpg'),
(279, 7, 2, 'https://www.amazon.co.uk/Morrisons-Semi-Skimmed-British-pints/dp/B01GRWA4F0/ref=sr_1_1?fpw=fresh&keywords=semi+skimmed+milk+4+pint&qid=1574332007&s=amazonfresh&sr=1-1', 1.1, 'Morrisons Semi Skimmed British Milk, 4 pints', '4 pint', 'https://m.media-amazon.com/images/I/511wUdaRF6L._AC_UL320_ML3_.jpg'),
(280, 11, 4, 'https://groceries.asda.com/product/910000329132', 2, 'Cathedral City Extra Mature Cheddar Cheese 350g', '350g', 'https://ui.assets-asda.com/dm/asdagroceries/5000295141599?$ProdList$'),
(281, 11, 4, 'https://groceries.asda.com/product/910002726989', 6, 'Cathedral City Extra Mature Cheddar Cheese Twin Pack 2x350g', '350g', 'https://ui.assets-asda.com/dm/asdagroceries/5000295150409?$ProdList$'),
(282, 20, 4, 'https://groceries.asda.com/product/910001440494', 1.95, 'Philadelphia Garlic & Herb Soft Cheese 170g', '170g', 'https://ui.assets-asda.com/dm/asdagroceries/7622210307309?$ProdList$'),
(283, 20, 4, 'https://groceries.asda.com/product/910001439539', 1.95, 'Philadelphia Sweet Chilli Soft Cheese 170g', '170g', 'https://ui.assets-asda.com/dm/asdagroceries/7622210307385?$ProdList$'),
(284, 20, 4, 'https://groceries.asda.com/product/910001440280', 1.95, 'Philadelphia Chives Soft Cheese 170g', '170g', 'https://ui.assets-asda.com/dm/asdagroceries/7622210307323?$ProdList$'),
(285, 20, 4, 'https://groceries.asda.com/product/1000031590114', 1.95, 'Philadelphia Caramelised Onion Soft Cheese 170g', '170g', 'https://ui.assets-asda.com/dm/asdagroceries/7622210854025?$ProdList$'),
(286, 9, 2, 'https://www.amazon.co.uk/Cathedral-City-Mature-Cheddar-Cheese/dp/B00LR7Q07M/ref=sr_1_1?fpw=fresh&keywords=cathedral+cheese+mature&qid=1574332022&s=amazonfresh&sr=1-1', 5, 'Cathedral City Mature Cheddar Cheese, Twin Pack 2x350g', '350g', 'https://m.media-amazon.com/images/I/71RgX+q788L._AC_UL320_ML3_.jpg'),
(287, 9, 2, 'https://www.amazon.co.uk/Cathedral-City-Mature-Lighter-Cheese/dp/B00ISCR992/ref=sr_1_3?fpw=fresh&keywords=cathedral+cheese+mature&qid=1574332022&s=amazonfresh&sr=1-3', 3.5, 'Cathedral City Mature Lighter Cheese, 350g', '350g', 'https://m.media-amazon.com/images/I/71cCcUh7XqL._AC_UL320_ML3_.jpg'),
(288, 9, 2, 'https://www.amazon.co.uk/Cathedral-City-Mature-Cheddar-Cheese/dp/B0062JATOU/ref=sr_1_12?fpw=fresh&keywords=cathedral+cheese+mature&qid=1574332022&s=amazonfresh&sr=1-12', 3.5, 'Cathedral City Mature Cheddar Cheese, 350g', '350g', 'https://m.media-amazon.com/images/I/71YmuQy5stL._AC_UL320_ML3_.jpg'),
(289, 23, 4, 'https://groceries.asda.com/product/34537', 1.1, 'Warburtons Toastie Thick Sliced White Bread 800g', '800g', 'https://ui.assets-asda.com/dm/asdagroceries/5010044000121?$ProdList$'),
(290, 23, 4, 'https://groceries.asda.com/product/42747415', 0.89, 'Kingsmill Medium Soft White Bread 800g', '800g', 'https://ui.assets-asda.com/dm/asdagroceries/5010092093045?$ProdList$'),
(291, 23, 4, 'https://groceries.asda.com/product/34536', 1.1, 'Warburtons Medium White Bread 800g', '800g', 'https://ui.assets-asda.com/dm/asdagroceries/5010044000039?$ProdList$'),
(292, 23, 4, 'https://groceries.asda.com/product/34545', 1.35, 'Warburtons Farmhouse Soft White Bread 800g', '800g', 'https://ui.assets-asda.com/dm/asdagroceries/5010044002378?$ProdList$'),
(293, 23, 4, 'https://groceries.asda.com/product/910002989320', 0.55, 'ASDA Square Cut Medium White Bread 800g', '800g', 'https://ui.assets-asda.com/dm/asdagroceries/5054781496700?$ProdList$'),
(294, 23, 4, 'https://groceries.asda.com/product/42747401', 0.89, 'Kingsmill Thick Soft White Bread 800g', '800g', 'https://ui.assets-asda.com/dm/asdagroceries/5010092093144?$ProdList$'),
(295, 23, 4, 'https://groceries.asda.com/product/34543', 1.1, 'Warburtons Thickest White Bread 800g', '800g', 'https://ui.assets-asda.com/dm/asdagroceries/5010044002347?$ProdList$'),
(296, 23, 4, 'https://groceries.asda.com/product/910003041519', 0.84, 'ASDA Extra Special Farmhouse White Bread 800g', '800g', 'https://ui.assets-asda.com/dm/asdagroceries/5054781498087?$ProdList$'),
(297, 23, 4, 'https://groceries.asda.com/product/394921', 1.1, 'ASDA Baker\'s Selection White Tin Bread 800g', '800g', NULL),
(298, 23, 4, 'https://groceries.asda.com/product/44257364', 1.1, 'ASDA Baker\'s Selection White Farmhouse Bread 800g', '800g', NULL),
(299, 23, 4, 'https://groceries.asda.com/product/21028', 1.1, 'ASDA Baker\'s Selection White Bloomer Bread 800g', '800g', NULL),
(300, 24, 4, 'https://groceries.asda.com/product/42747403', 0.89, 'Kingsmill Tasty Medium Wholemeal Bread 800g', '800g', 'https://ui.assets-asda.com/dm/asdagroceries/5010092093243?$ProdList$'),
(301, 24, 4, 'https://groceries.asda.com/product/42747405', 0.89, 'Kingsmill Tasty Thick Wholemeal Bread 800g', '800g', 'https://ui.assets-asda.com/dm/asdagroceries/5010092093342?$ProdList$'),
(302, 24, 4, 'https://groceries.asda.com/product/34538', 1.1, 'Warburtons Medium Sliced Wholemeal Bread 800g', '800g', 'https://ui.assets-asda.com/dm/asdagroceries/5010044000251?$ProdList$'),
(303, 24, 4, 'https://groceries.asda.com/product/910002989489', 0.55, 'ASDA Medium Wholemeal Bread 800g', '800g', 'https://ui.assets-asda.com/dm/asdagroceries/5054781496717?$ProdList$'),
(304, 24, 4, 'https://groceries.asda.com/product/1670454', 1.4, 'Hovis Granary Wholemeal Bread 800g', '800g', 'https://ui.assets-asda.com/dm/asdagroceries/5010003000292?$ProdList$'),
(305, 24, 4, 'https://groceries.asda.com/product/910003092874', 1.1, 'ASDA Baker\'s Selection Wholemeal Tin Bread 800g', '800g', NULL),
(306, 11, 2, 'https://www.amazon.co.uk/Cathedral-City-Extra-Mature-Cheddar/dp/B006ZYQ3FQ/ref=sr_1_4?fpw=fresh&keywords=cathedral+cheese+extra+mature&qid=1574332037&s=amazonfresh&sr=1-4', 3.5, 'Cathedral City Extra Mature Cheddar, 350g', '350g', 'https://m.media-amazon.com/images/I/71gwvkbSzrL._AC_UL320_ML3_.jpg'),
(307, 25, 4, 'https://groceries.asda.com/product/31248810', 1.4, 'Kingsmill No Crusts Soft White Bread 400g', '400g', 'https://ui.assets-asda.com/dm/asdagroceries/5010092079346?$ProdList$'),
(308, 25, 4, 'https://groceries.asda.com/product/34541', 0.9, 'Warburtons Medium Sliced White Bread 400g', '400g', 'https://ui.assets-asda.com/dm/asdagroceries/5010044001234?$ProdList$'),
(309, 25, 4, 'https://groceries.asda.com/product/2046278', 1.2, 'Warburtons Farmhouse Soft White Bread 400g', '400g', NULL),
(310, 25, 4, 'https://groceries.asda.com/product/32725', 0.79, 'ASDA Baker\'s Selection White Bread 400g', '400g', NULL),
(311, 25, 4, 'https://groceries.asda.com/product/910002788096', 2, 'Warburtons Country White Bread 400g', '400g', NULL),
(312, 25, 4, 'https://groceries.asda.com/product/34542', 0.9, 'Warburtons Toastie White Thick Sliced Bread 400g', '400g', NULL),
(313, 25, 4, 'https://groceries.asda.com/product/34539', 0.9, 'Warburtons White Danish Bread 400g', '400g', NULL),
(314, 25, 4, 'https://groceries.asda.com/product/36473', 0.9, 'Warburtons White Milk Roll Bread 400g', '400g', NULL),
(315, 25, 4, 'https://groceries.asda.com/product/35245', 0.79, 'ASDA Baker\'s Selection White Bloomer Bread 400g', '400g', NULL),
(316, 25, 4, 'https://groceries.asda.com/product/44257365', 0.79, 'ASDA Baker\'s Selection White Farmhouse Bread 400g', '400g', NULL),
(317, 20, 2, 'https://www.amazon.co.uk/Philadelphia-109824222-Salmon-170-g/dp/B07B7B18YL/ref=sr_1_4?fpw=fresh&keywords=philadelphia+soft+cheese&qid=1574332044&s=amazonfresh&sr=1-4', 1, 'Philadelphia Salmon Soft Cheese, 170 g', '170g', 'https://m.media-amazon.com/images/I/61axykQva3L._AC_UL320_ML3_.jpg'),
(318, 20, 2, 'https://www.amazon.co.uk/Philadelphia-Light-Sweet-Chilli-Cheese/dp/B015Z9Q0V8/ref=sr_1_5?fpw=fresh&keywords=philadelphia+soft+cheese&qid=1574332044&s=amazonfresh&sr=1-5', 1, 'Philadelphia Sweet Chilli Soft Cheese, 170g', '170g', 'https://m.media-amazon.com/images/I/81XtoVl8aVL._AC_UL320_ML3_.jpg'),
(319, 20, 2, 'https://www.amazon.co.uk/Philadelphia-Caramelized-Onion-170-g/dp/B07B79XG58/ref=sr_1_9?fpw=fresh&keywords=philadelphia+soft+cheese&qid=1574332044&s=amazonfresh&sr=1-9', 1, 'Philadelphia Caramelized Onion Soft Cheese, 170 g', '170g', 'https://m.media-amazon.com/images/I/61-Ozp39bBL._AC_UL320_ML3_.jpg'),
(320, 26, 4, 'https://groceries.asda.com/product/910002327657', 1.4, 'Kingsmill No Crusts Wholemeal Bread 400g', '400g', 'https://ui.assets-asda.com/dm/asdagroceries/5010092724215?$ProdList$'),
(321, 26, 4, 'https://groceries.asda.com/product/39577669', 1.14, 'Weight Watchers Thick Wholemeal Bread 400g', '400g', 'https://ui.assets-asda.com/dm/asdagroceries/5010044003351?$ProdList$'),
(322, 26, 4, 'https://groceries.asda.com/product/82185114', 0.85, 'Hovis Nimble Wholemeal Bread 400g', '400g', 'https://ui.assets-asda.com/dm/asdagroceries/5010003060289?$ProdList$'),
(323, 26, 4, 'https://groceries.asda.com/product/34540', 0.9, 'Warburtons Medium Sliced Wholemeal Bread 400g', '400g', 'https://ui.assets-asda.com/dm/asdagroceries/5010044000404?$ProdList$'),
(324, 26, 4, 'https://groceries.asda.com/product/66006934', 0.85, 'Hovis Tasty Wholemeal Bread 400g', '400g', 'https://ui.assets-asda.com/dm/asdagroceries/5010003000247?$ProdList$'),
(325, 26, 4, 'https://groceries.asda.com/product/910003092810', 0.79, 'ASDA Baker\'s Selection Wholemeal Bread 400g', '400g', 'https://ui.assets-asda.com/dm/asdagroceries/0201600000005?$ProdList$'),
(326, 21, 2, 'https://www.amazon.co.uk/Philadelphia-Lightest-Soft-Cheese-180g/dp/B0142HKORU/ref=sr_1_1?fpw=fresh&keywords=philadelphia+soft+cheese&qid=1574332052&s=amazonfresh&sr=1-1', 1, 'Philadelphia Lightest Soft Cheese, 180g', '180g', 'https://m.media-amazon.com/images/I/81RjmCtk7sL._AC_UL320_ML3_.jpg'),
(327, 27, 4, 'https://groceries.asda.com/product/910002999222', 2.48, 'Tropicana Smooth Orange Juice 950ml', '950ml', 'https://ui.assets-asda.com/dm/asdagroceries/5022313731773?$ProdList$'),
(328, 27, 4, 'https://groceries.asda.com/product/910003001146', 2.48, 'Tropicana Orange Juice with Bits 950ml', '950ml', 'https://ui.assets-asda.com/dm/asdagroceries/5022313731506?$ProdList$'),
(329, 27, 4, 'https://groceries.asda.com/product/910002999348', 2.48, 'Tropicana Orange Juice with Extra Juicy Bits 950ml', '950ml', 'https://ui.assets-asda.com/dm/asdagroceries/5022313732138?$ProdList$'),
(330, 22, 2, 'https://www.amazon.co.uk/Philadelphia-Original-Soft-Cheese-340/dp/B07PTKY156/ref=sr_1_3?fpw=fresh&keywords=philadelphia+soft+cheese&qid=1574332060&s=amazonfresh&sr=1-3', 2, 'Philadelphia Original Soft Cheese, 340 g', '340g', 'https://m.media-amazon.com/images/I/61DXD6AWucL._AC_UL320_ML3_.jpg'),
(331, 22, 2, 'https://www.amazon.co.uk/Philadelphia-Chives-Soft-Cheese-340/dp/B07PP23QMH/ref=sr_1_6?fpw=fresh&keywords=philadelphia+soft+cheese&qid=1574332060&s=amazonfresh&sr=1-6', 3, 'Philadelphia Chives Soft Cheese, 340 g', '340g', 'https://m.media-amazon.com/images/I/61d0HtYCldL._AC_UL320_ML3_.jpg'),
(332, 22, 2, 'https://www.amazon.co.uk/Philadelphia-Garlic-Herbs-Soft-Cheese/dp/B07PSH8MBY/ref=sr_1_8?fpw=fresh&keywords=philadelphia+soft+cheese&qid=1574332060&s=amazonfresh&sr=1-8', 3, 'Philadelphia Garlic & Herbs Soft Cheese, 340 g', '340g', 'https://m.media-amazon.com/images/I/610gQv0jk+L._AC_UL320_ML3_.jpg'),
(333, 28, 4, 'https://groceries.asda.com/product/910001784944', 1.41, 'Tropicana Smooth Orange Juice 300ml', '300ml', 'https://ui.assets-asda.com/dm/asdagroceries/5022313331607?$ProdList$'),
(334, 28, 4, 'https://groceries.asda.com/product/910001784947', 1.41, 'Tropicana Orange Juice with Extra Juicy Bits 300ml', '300ml', 'https://ui.assets-asda.com/dm/asdagroceries/5022313332154?$ProdList$'),
(335, 23, 2, 'https://www.amazon.co.uk/Hovis-Medium-Soft-White-Bread/dp/B0042QQNJ0/ref=sr_1_1?fpw=fresh&keywords=white+bread&qid=1574332068&s=amazonfresh&sr=1-1', 1.1, 'Hovis Medium Soft White Bread, 800g', '800g', 'https://m.media-amazon.com/images/I/81hdLZSeb6L._AC_UL320_ML3_.jpg'),
(336, 23, 2, 'https://www.amazon.co.uk/Warburtons-White-Farmhouse-Bread-800/dp/B00140T47A/ref=sr_1_3?fpw=fresh&keywords=white+bread&qid=1574332068&s=amazonfresh&sr=1-3', 1.35, 'Warburtons White Farmhouse Bread, 800 g', '800g', 'https://m.media-amazon.com/images/I/81SkcFBnLwL._AC_UL320_ML3_.jpg'),
(337, 23, 2, 'https://www.amazon.co.uk/Hovis-Soft-White-Thick-Bread/dp/B000N1XPEY/ref=sr_1_8?fpw=fresh&keywords=white+bread&qid=1574332068&s=amazonfresh&sr=1-8', 1.1, 'Hovis Soft White Thick Bread 800g', '800g', 'https://m.media-amazon.com/images/I/81Q1tXlbrrL._AC_UL320_ML3_.jpg'),
(338, 23, 2, 'https://www.amazon.co.uk/Warburtons-Medium-White-Bread-800g/dp/B00180B13Q/ref=sr_1_11?fpw=fresh&keywords=white+bread&qid=1574332068&s=amazonfresh&sr=1-11', 1.05, 'Warburtons Medium White Bread, 800g', '800g', 'https://m.media-amazon.com/images/I/41knkcHrF-L._AC_UL320_ML3_.jpg'),
(339, 29, 4, 'https://groceries.asda.com/product/910002999872', 2.48, 'Tropicana Apple Juice 950ml', '950ml', 'https://ui.assets-asda.com/dm/asdagroceries/5022313730639?$ProdList$'),
(340, 24, 2, 'https://www.amazon.co.uk/Hovis-Wholemeal-Granary-Bread-800g/dp/B00Z6SJQJW/ref=sr_1_3?fpw=fresh&keywords=wholemeal+bread&qid=1574332076&s=amazonfresh&sr=1-3', 1.45, 'Hovis Wholemeal Granary Bread 800g', '800g', 'https://m.media-amazon.com/images/I/81h24tJkjAL._AC_UL320_ML3_.jpg'),
(341, 24, 2, 'https://www.amazon.co.uk/Hovis-Wholemeal-Thick-Bread-800g/dp/B00DP7E5RO/ref=sr_1_4?fpw=fresh&keywords=wholemeal+bread&qid=1574332076&s=amazonfresh&sr=1-4', 1.1, 'Hovis Wholemeal Thick Bread 800g', '800g', 'https://m.media-amazon.com/images/I/816va73EB6L._AC_UL320_ML3_.jpg'),
(342, 24, 2, 'https://www.amazon.co.uk/Warburtons-Wholemeal-Medium-Bread-800/dp/B01G8T5G6O/ref=sr_1_7?fpw=fresh&keywords=wholemeal+bread&qid=1574332076&s=amazonfresh&sr=1-7', 1.05, 'Warburtons Wholemeal Medium Bread, 800 g', '800g', 'https://m.media-amazon.com/images/I/71tHI4+NjVL._AC_UL320_ML3_.jpg'),
(343, 24, 2, 'https://www.amazon.co.uk/Hovis-Sensations-Seeds-Wholemeal-Bread/dp/B00BQL7IGG/ref=sr_1_16?fpw=fresh&keywords=wholemeal+bread&qid=1574332076&s=amazonfresh&sr=1-16', 1.5, 'Hovis Seed Sensations 7 Seeds Wholemeal Bread 800g', '800g', 'https://m.media-amazon.com/images/I/818ShX49JpL._AC_UL320_ML3_.jpg'),
(344, 24, 2, 'https://www.amazon.co.uk/Hovis-Wholemeal-Medium-Bread-800g/dp/B0066OA6ZS/ref=sr_1_17?fpw=fresh&keywords=wholemeal+bread&qid=1574332076&s=amazonfresh&sr=1-17', 1.1, 'Hovis Wholemeal Medium Bread 800g', '800g', 'https://m.media-amazon.com/images/I/81PhtDp08hL._AC_UL320_ML3_.jpg'),
(345, 30, 4, 'https://groceries.asda.com/product/19014', 1.5, 'Ocean Spray Cranberry Classic Juice Drink 1lt', '1L', 'https://ui.assets-asda.com/dm/asdagroceries/0031200452009?$ProdList$'),
(346, 30, 4, 'https://groceries.asda.com/product/37074', 1.5, 'Ocean Spray Light Cranberry Classic Juice Drink 1lt', '1L', 'https://ui.assets-asda.com/dm/asdagroceries/0031200452603?$ProdList$'),
(347, 30, 4, 'https://groceries.asda.com/product/20788', 1.5, 'Ocean Spray Cranberry Raspberry 1lt', '1L', 'https://ui.assets-asda.com/dm/asdagroceries/0031200452016?$ProdList$'),
(348, 30, 4, 'https://groceries.asda.com/product/1000102967130', 2, 'Ocean Spray Cranberry Original 1l', '1L', 'https://ui.assets-asda.com/dm/asdagroceries/0031200452856?$ProdList$'),
(349, 25, 2, 'https://www.amazon.co.uk/Warburtons-English-White-Bread-400g/dp/B01E3SWLGK/ref=sr_1_2?fpw=fresh&keywords=white+bread&qid=1574332084&s=amazonfresh&sr=1-2', 1.5, 'Warburtons Old English White Bread, 400g', '400g', 'https://m.media-amazon.com/images/I/61Iqky4zkML._AC_UL320_ML3_.jpg'),
(350, 25, 2, 'https://www.amazon.co.uk/Warburtons-Toastie-White-Bread-400/dp/B01G8T5AOC/ref=sr_1_7?fpw=fresh&keywords=white+bread&qid=1574332084&s=amazonfresh&sr=1-7', 0.9, 'Warburtons Toastie White Bread, 400 g', '400g', 'https://m.media-amazon.com/images/I/61T-FPUc3FL._AC_UL320_ML3_.jpg'),
(351, 25, 2, 'https://www.amazon.co.uk/Warburtons-White-Farmhouse-Bread-400/dp/B005M7B9RY/ref=sr_1_19?fpw=fresh&keywords=white+bread&qid=1574332084&s=amazonfresh&sr=1-19', 1, 'Warburtons White Farmhouse Bread, 400 g', '400g', 'https://m.media-amazon.com/images/I/71s-Ygbw9XL._AC_UL320_ML3_.jpg'),
(352, 25, 2, 'https://www.amazon.co.uk/Warburtons-Medium-White-Bread-400/dp/B002E2N5PO/ref=sr_1_21?fpw=fresh&keywords=white+bread&qid=1574332084&s=amazonfresh&sr=1-21', 0.9, 'Warburtons Medium White Bread, 400 g', '400g', 'https://m.media-amazon.com/images/I/61YPXLvG4ZL._AC_UL320_ML3_.jpg'),
(353, 26, 2, 'https://www.amazon.co.uk/Warburtons-Wholemeal-Medium-Bread-400g/dp/B002E2N5MW/ref=sr_1_1?fpw=fresh&keywords=wholemeal+bread&qid=1574332092&s=amazonfresh&sr=1-1', 0.9, 'Warburtons Wholemeal Medium Bread, 400g', '400g', 'https://m.media-amazon.com/images/I/81JeHcyCiqL._AC_UL320_ML3_.jpg'),
(354, 26, 2, 'https://www.amazon.co.uk/HOVIS-Lower-Carb-Wholemeal-Bread/dp/B07219SW11/ref=sr_1_2?fpw=fresh&keywords=wholemeal+bread&qid=1574332092&s=amazonfresh&sr=1-2', 1.2, 'HOVIS Lower Carb Wholemeal Bread, 400g', '400g', 'https://m.media-amazon.com/images/I/71Fs0JOCvML._AC_UL320_ML3_.jpg'),
(355, 27, 2, 'https://www.amazon.co.uk/Tropicana-Orange-Juice-Original-950/dp/B06XNPCXY4/ref=sr_1_22?fpw=fresh&keywords=tropicana+orange+juice&qid=1574332100&s=amazonfresh&sr=1-22', 2.48, 'Tropicana Orange Juice Original, 950 ml', '950ml', 'https://m.media-amazon.com/images/I/719spJKJvLL._AC_UL320_ML3_.jpg');
INSERT INTO `product_price` (`price_id`, `product_id`, `supermarket_id`, `price_source`, `product_price`, `product_description`, `product_volume`, `product_image`) VALUES
(356, 29, 2, 'https://www.amazon.co.uk/Tropicana-Apple-Juice-950-ml/dp/B06XL17V7Q/ref=sr_1_20?fpw=fresh&keywords=tropicana+apple+juice&qid=1574332114&s=amazonfresh&sr=1-20', 2.48, 'Tropicana Apple Juice, 950 ml', '950ml', 'https://m.media-amazon.com/images/I/71ZX8SHKoyL._AC_UL320_ML3_.jpg'),
(357, 31, 4, 'https://groceries.asda.com/product/1000165446587', 3.3, 'Innocent Smooth Orange Juice 1.35l', '1.35', 'https://ui.assets-asda.com/dm/asdagroceries/5038862102704?$ProdList$'),
(358, 31, 4, 'https://groceries.asda.com/product/1000165446606', 3.3, 'Innocent Orange Juice with Bits 1.35l', '1.35', 'https://ui.assets-asda.com/dm/asdagroceries/5038862100700?$ProdList$'),
(359, 30, 2, 'https://www.amazon.co.uk/Ocean-Spray-Cranberry-Classic-Juice/dp/B01CU0N1VM/ref=sr_1_1?fpw=fresh&keywords=ocean+spray+cranberry+juice&qid=1574332122&s=amazonfresh&sr=1-1', 4, 'Ocean Spray Cranberry Classic Juice Drink, 4 x 1L', '1L', 'https://m.media-amazon.com/images/I/71PfPQaiwkL._AC_UL320_ML3_.jpg'),
(360, 30, 2, 'https://www.amazon.co.uk/Ocean-Spray-Cranberry-Classic-Juice/dp/B016IP66H6/ref=sr_1_2?fpw=fresh&keywords=ocean+spray+cranberry+juice&qid=1574332122&s=amazonfresh&sr=1-2', 1, 'Ocean Spray Cranberry Classic Juice Drink, 1l', '1L', 'https://m.media-amazon.com/images/I/81pmiBT4HxL._AC_UL320_ML3_.jpg'),
(361, 30, 2, 'https://www.amazon.co.uk/Ocean-Spray-Cranberry-Classic-Light/dp/B01CE56EIU/ref=sr_1_3?fpw=fresh&keywords=ocean+spray+cranberry+juice&qid=1574332122&s=amazonfresh&sr=1-3', 1.5, 'Ocean Spray Cranberry Classic Light Juice Drink, 1l', '1L', 'https://m.media-amazon.com/images/I/614a84e6iNL._AC_UL320_ML3_.jpg'),
(362, 30, 2, 'https://www.amazon.co.uk/Ocean-Spray-Cranberry-Raspberry-Juice/dp/B016IPBRA2/ref=sr_1_5?fpw=fresh&keywords=ocean+spray+cranberry+juice&qid=1574332122&s=amazonfresh&sr=1-5', 1.5, 'Ocean Spray Cranberry and Raspberry Juice, 1l', '1L', 'https://m.media-amazon.com/images/I/41Ga6L02WIL._AC_UL320_ML3_.jpg'),
(363, 30, 2, 'https://www.amazon.co.uk/Ocean-Spray-Cranberry-Blueberry-Juice/dp/B016IPBUOU/ref=sr_1_6?fpw=fresh&keywords=ocean+spray+cranberry+juice&qid=1574332122&s=amazonfresh&sr=1-6', 1.4, 'Ocean Spray Cranberry and Blueberry Juice, 1L', '1L', 'https://m.media-amazon.com/images/I/712CxHbUTIL._AC_UL320_ML3_.jpg'),
(364, 32, 4, 'https://groceries.asda.com/product/910001050006', 3.3, 'Innocent Tropical Juice 1.35l', '1.35', 'https://ui.assets-asda.com/dm/asdagroceries/5038862106702?$ProdList$'),
(365, 31, 2, 'https://www.amazon.co.uk/innocent-smooth-orange-juice-1-35L/dp/B0132FLLY8/ref=sr_1_1?fpw=fresh&keywords=innocent+orange+juice&qid=1574332129&s=amazonfresh&sr=1-1', 3.2, 'innocent smooth orange juice 1.35L', '1.35', 'https://m.media-amazon.com/images/I/71gxpKjE9wL._AC_UL320_ML3_.jpg'),
(366, 31, 2, 'https://www.amazon.co.uk/innocent-orange-juice-bits-1-35L/dp/B0132FLBEI/ref=sr_1_2?fpw=fresh&keywords=innocent+orange+juice&qid=1574332129&s=amazonfresh&sr=1-2', 3.2, 'innocent orange juice with bits 1.35L', '1.35', 'https://m.media-amazon.com/images/I/71q7V-dmQsL._AC_UL320_ML3_.jpg'),
(367, 32, 2, 'https://www.amazon.co.uk/Innocent-106317508-innocent-tropical-juice/dp/B0132FOH6M/ref=sr_1_1?fpw=fresh&keywords=innocent+tropical+juice&qid=1574332137&s=amazonfresh&sr=1-1', 2.5, 'innocent tropical juice 1.35L', '1.35', 'https://m.media-amazon.com/images/I/71lqicH8uDL._AC_UL320_ML3_.jpg'),
(368, 34, 4, 'https://groceries.asda.com/product/35790', 2, 'Laughing Cow Light Cheese Spread Triangles X16 280g', '280g', 'https://ui.assets-asda.com/dm/asdagroceries/3073780836111?$ProdList$'),
(369, 34, 4, 'https://groceries.asda.com/product/910000208900', 2, 'Laughing Cow Cheese Spread Triangles x16 280g', '280g', 'https://ui.assets-asda.com/dm/asdagroceries/3073780574242?$ProdList$'),
(370, 35, 4, 'https://groceries.asda.com/product/6431129', 1.35, 'Laughing Cow Extra Light Cheese Spread Triangles x8 140g', '140g', 'https://ui.assets-asda.com/dm/asdagroceries/3073780914338?$ProdList$'),
(371, 35, 4, 'https://groceries.asda.com/product/20448', 1.35, 'Laughing Cow Light Cheese Spread Triangles x8 140g', '140g', 'https://ui.assets-asda.com/dm/asdagroceries/3073780689014?$ProdList$'),
(372, 33, 2, 'https://www.amazon.co.uk/innocent-apple-mango-juice-1-35L/dp/B0132FJIO8/ref=sr_1_2?fpw=fresh&keywords=innocent+apple&qid=1574332145&s=amazonfresh&sr=1-2', 3.2, 'innocent apple & mango juice 1.35L', '1.35', 'https://m.media-amazon.com/images/I/71yT-IzTKpL._AC_UL320_ML3_.jpg'),
(373, 36, 4, 'https://groceries.asda.com/product/1000106846691', 3, 'Activia Mango, Strawberry, Kiwi and Apricot Yogurts 8x120g', '8x120g', 'https://ui.assets-asda.com/dm/asdagroceries/5060360503509?$ProdList$'),
(374, 36, 4, 'https://groceries.asda.com/product/1000106846606', 3, 'Activia Fat Free Raspberry, Strawberry, Cherry & Blueberry Yogurts 8x120g', '8x120g', 'https://ui.assets-asda.com/dm/asdagroceries/5060360503585?$ProdList$'),
(375, 36, 4, 'https://groceries.asda.com/product/1000106846642', 3, 'Activia Fat Free Strawberry & Peach Yogurts 8x120g', '8x120g', 'https://ui.assets-asda.com/dm/asdagroceries/5060360503608?$ProdList$'),
(376, 36, 4, 'https://groceries.asda.com/product/1000106846631', 3, 'Activia Strawberry Yogurts 8x120g', '8x120g', 'https://ui.assets-asda.com/dm/asdagroceries/5060360503547?$ProdList$'),
(377, 34, 2, 'https://www.amazon.co.uk/Laughing-Cow-Plain-cheese-Triangles/dp/B003X88MEC/ref=sr_1_1?fpw=fresh&keywords=laughing+cow+cheese&qid=1574332153&s=amazonfresh&sr=1-1', 2, 'The Laughing Cow Plain cheese Triangles, 280g', '280g', 'https://m.media-amazon.com/images/I/515fMZxdVCL._AC_UL320_ML3_.jpg'),
(378, 34, 2, 'https://www.amazon.co.uk/Laughing-Cow-Light-cheese-triangles/dp/B003TESMQ8/ref=sr_1_3?fpw=fresh&keywords=laughing+cow+cheese&qid=1574332153&s=amazonfresh&sr=1-3', 2, 'The Laughing Cow Light cheese triangles, 280g', '280g', 'https://m.media-amazon.com/images/I/811ZYgWhSWL._AC_UL320_ML3_.jpg'),
(379, 37, 4, 'https://groceries.asda.com/product/1000106846552', 2, 'Activia Strawberry Yogurts 4x120g', '4x120g', 'https://ui.assets-asda.com/dm/asdagroceries/5060360503363?$ProdList$'),
(380, 37, 4, 'https://groceries.asda.com/product/1000106846731', 2, 'Activia Rhubarb Yogurt 4x120g', '4x120g', 'https://ui.assets-asda.com/dm/asdagroceries/5060360503387?$ProdList$'),
(381, 37, 4, 'https://groceries.asda.com/product/1000106846740', 2, 'Activia Fat Free Strawberry Yogurts 4x120g', '4x120g', 'https://ui.assets-asda.com/dm/asdagroceries/5060360503325?$ProdList$'),
(382, 37, 4, 'https://groceries.asda.com/product/1000106846457', 2, 'Activia Fat Free Cherry Yogurts 4x120g', '4x120g', 'https://ui.assets-asda.com/dm/asdagroceries/5060360503240?$ProdList$'),
(383, 37, 4, 'https://groceries.asda.com/product/1000106846815', 2, 'Activia Fat Free Peach Yogurts 4x120g', '4x120g', 'https://ui.assets-asda.com/dm/asdagroceries/5060360503264?$ProdList$'),
(384, 37, 4, 'https://groceries.asda.com/product/1000106846668', 2, 'Activia Fat Free Vanilla Yogurts 4x120g', '4x120g', 'https://ui.assets-asda.com/dm/asdagroceries/5060360503288?$ProdList$'),
(385, 37, 4, 'https://groceries.asda.com/product/1000106846550', 2, 'Activia Mango Yogurts 4x120g', '4x120g', 'https://ui.assets-asda.com/dm/asdagroceries/5060360503400?$ProdList$'),
(386, 37, 4, 'https://groceries.asda.com/product/1000006425509', 2.25, 'Activia Walnut & Oats Yogurts 4x120g', '4x120g', 'https://ui.assets-asda.com/dm/asdagroceries/5060360502359?$ProdList$'),
(387, 37, 4, 'https://groceries.asda.com/product/1000006423788', 2.25, 'Activia Museli & Fruit Fat Free Yogurts 4x120g', '4x120g', 'https://ui.assets-asda.com/dm/asdagroceries/5060360502373?$ProdList$'),
(388, 37, 4, 'https://groceries.asda.com/product/1000106846771', 2, 'Activia Fig Yogurts 4x120g', '4x120g', 'https://ui.assets-asda.com/dm/asdagroceries/5060360503424?$ProdList$'),
(389, 37, 4, 'https://groceries.asda.com/product/1000106846686', 2, 'Activia Cherry Yogurts 4x120g', '4x120g', NULL),
(390, 38, 4, 'https://groceries.asda.com/product/910001285499', 2, 'Activia Intensely Creamy Strawberry Yogurts 4x110g', '4x110g', NULL),
(391, 38, 4, 'https://groceries.asda.com/product/910001285082', 2, 'Activia Intensely Creamy Peach Yogurts 4x110g', '4x110g', NULL),
(392, 38, 4, 'https://groceries.asda.com/product/910001285443', 2, 'Activia Intensely Creamy Cherry Yogurts 4x110g', '4x110g', NULL),
(393, 38, 4, 'https://groceries.asda.com/product/910001285161', 2, 'Activia Intensely Creamy Vanilla Yogurts 4x110g', '4x110g', NULL),
(394, 38, 4, 'https://groceries.asda.com/product/910001285340', 2, 'Activia Intensely Creamy Raspberry Yogurts 4x110g', '4x110g', NULL),
(395, 38, 4, 'https://groceries.asda.com/product/910001285148', 2, 'Activia Intensely Creamy Blueberry Yogurts 4x110g', '4x110g', NULL),
(396, 35, 2, 'https://www.amazon.co.uk/Laughing-Cow-Extra-Cheese-Triangles/dp/B003CMCN3U/ref=sr_1_5?fpw=fresh&keywords=laughing+cow+cheese&qid=1574332160&s=amazonfresh&sr=1-5', 1.4, 'The Laughing Cow Extra Light Cheese Triangles, 140g', '140g', 'https://m.media-amazon.com/images/I/91p0atYSf-L._AC_UL320_ML3_.jpg'),
(397, 35, 2, 'https://www.amazon.co.uk/Laughing-Cow-Plain-cheese-Triangles/dp/B0046SIRLQ/ref=sr_1_6?fpw=fresh&keywords=laughing+cow+cheese&qid=1574332160&s=amazonfresh&sr=1-6', 1.4, 'The Laughing Cow Plain cheese Triangles, 140g', '140g', 'https://m.media-amazon.com/images/I/51+py7MM8jL._AC_UL320_ML3_.jpg'),
(398, 39, 4, 'https://groceries.asda.com/product/71431377', 3.75, 'Actimel Strawberry Yogurt Drinks 12x100', '12x100g', 'https://ui.assets-asda.com/dm/asdagroceries/5060058330868?$ProdList$'),
(399, 39, 4, 'https://groceries.asda.com/product/81421582', 3.75, 'Actimel Multifruit Yogurt Drinks 12x100', '12x100g', 'https://ui.assets-asda.com/dm/asdagroceries/5060058331735?$ProdList$'),
(400, 39, 4, 'https://groceries.asda.com/product/910001285141', 3.75, 'Actimel Strawberry & Blueberry Yogurt Drinks 12x100', '12x100g', 'https://ui.assets-asda.com/dm/asdagroceries/5060360500362?$ProdList$'),
(401, 39, 4, 'https://groceries.asda.com/product/71431378', 3.75, 'Actimel Fat Free Original Yogurt Drinks 12x100', '12x100g', 'https://ui.assets-asda.com/dm/asdagroceries/5060058333166?$ProdList$'),
(402, 39, 4, 'https://groceries.asda.com/product/1000028236266', 3.75, 'Actimel Fat Free Strawberry Yogurt Drinks 12x100', '12x100g', 'https://ui.assets-asda.com/dm/asdagroceries/5060360502151?$ProdList$'),
(403, 39, 4, 'https://groceries.asda.com/product/1000023135162', 3.75, 'Actimel Strawberry & Banana Yogurt Drinks 12x100', '12x100g', 'https://ui.assets-asda.com/dm/asdagroceries/5060058337324?$ProdList$'),
(404, 36, 2, 'https://www.amazon.co.uk/Activia-Mixed-Fruits-Yoghurt-8x120g/dp/B07PDGPRQ4/ref=sr_1_1?fpw=fresh&keywords=activia+yougurt&qid=1574332168&s=amazonfresh&sr=1-1', 3.29, 'Activia Mixed Red Fruits Yoghurt 8x120g', '8x120g', 'https://m.media-amazon.com/images/I/51M6OIxhBGL._AC_UL320_ML3_.jpg'),
(405, 36, 2, 'https://www.amazon.co.uk/Activia-Mixed-Fruit-Yoghurt-8x120g/dp/B07PJT4DFP/ref=sr_1_3?fpw=fresh&keywords=activia+yougurt&qid=1574332168&s=amazonfresh&sr=1-3', 3.29, 'Activia Mixed Fruit 0% Fat & No Added Sugar Yoghurt 8x120g', '8x120g', 'https://m.media-amazon.com/images/I/6186rsK7jCL._AC_UL320_ML3_.jpg'),
(406, 36, 2, 'https://www.amazon.co.uk/Activia-Strawberry-Yoghurt-8x120g/dp/B07PJT41PM/ref=sr_1_6?fpw=fresh&keywords=activia+yougurt&qid=1574332168&s=amazonfresh&sr=1-6', 3.29, 'Activia Strawberry Yoghurt, 8x120g', '8x120g', 'https://m.media-amazon.com/images/I/515qHLgUC7L._AC_UL320_ML3_.jpg'),
(407, 36, 2, 'https://www.amazon.co.uk/Activia-Grains-Seeds-Walnut-Yoghurt/dp/B075QCN4GD/ref=sr_1_5?fpw=fresh&keywords=activia+yougurt&qid=1574332168&s=amazonfresh&sr=1-5-spell', 2.5, 'Activia Walnut and Oats Yoghurt 4 x 120g (480g)', '8x120g', 'https://m.media-amazon.com/images/I/91nmc1IkLsL._AC_UL320_ML3_.jpg'),
(408, 36, 2, 'https://www.amazon.co.uk/Activia-Yellow-Fruits-Yoghurt-Strawberry/dp/B07PFDCHZK/ref=sr_1_2?fpw=fresh&keywords=activia+yougurt&qid=1574332168&s=amazonfresh&sr=1-2-spell', 3.29, 'Activia Mixed Yellow Fruits Yoghurt (Peach, Strawberry, Mango, Kiwi) 8x120g', '8x120g', 'https://m.media-amazon.com/images/I/51k17yViq2L._AC_UL320_ML3_.jpg'),
(409, 40, 4, 'https://groceries.asda.com/product/976012', 2.75, 'Actimel Strawberry Yogurt Drinks 8x100g', '8x100g', 'https://ui.assets-asda.com/dm/asdagroceries/5410146407024?$ProdList$'),
(410, 40, 4, 'https://groceries.asda.com/product/1429710', 2.75, 'Actimel Multifruit Yogurt Drinks 8x100g', '8x100g', 'https://ui.assets-asda.com/dm/asdagroceries/5016769993724?$ProdList$'),
(411, 40, 4, 'https://groceries.asda.com/product/6979691', 2.75, 'Actimel Fat Free Strawberry Yogurt Drinks 8x100g', '8x100g', 'https://ui.assets-asda.com/dm/asdagroceries/5060058332152?$ProdList$'),
(412, 40, 4, 'https://groceries.asda.com/product/31184812', 2.75, 'Actimel Blueberry Yogurt Drinks 8x100g', '8x100g', 'https://ui.assets-asda.com/dm/asdagroceries/5060058334057?$ProdList$'),
(413, 40, 4, 'https://groceries.asda.com/product/30480749', 2.75, 'Actimel Coconut Yogurt Drinks 8x100g', '8x100g', 'https://ui.assets-asda.com/dm/asdagroceries/5060058334002?$ProdList$'),
(414, 40, 4, 'https://groceries.asda.com/product/910001458752', 2.75, 'Actimel Fat Free Raspberry Yogurt Drinks 8x100g', '8x100g', 'https://ui.assets-asda.com/dm/asdagroceries/5060058333128?$ProdList$'),
(415, 40, 4, 'https://groceries.asda.com/product/1000026958553', 2.75, 'Actimel Fat Free Multifruit Yogurt Drinks 8x100g', '8x100g', 'https://ui.assets-asda.com/dm/asdagroceries/5060360502656?$ProdList$'),
(416, 37, 2, 'https://www.amazon.co.uk/Activia-Blueberry-Yogurt-4x120g/dp/B07PJT1NRV/ref=sr_1_4?fpw=fresh&keywords=activia+yougurt&qid=1574332175&s=amazonfresh&sr=1-4', 2.17, 'Activia Blueberry Yogurt, 4x120g', '4x120g', 'https://m.media-amazon.com/images/I/612WZw+S7AL._AC_UL320_ML3_.jpg'),
(417, 37, 2, 'https://www.amazon.co.uk/Activia-Fig-Yogurt-4x120g/dp/B07PFDJWJG/ref=sr_1_5?fpw=fresh&keywords=activia+yougurt&qid=1574332175&s=amazonfresh&sr=1-5', 2.17, 'Activia Fig Yogurt, 4x120g', '4x120g', 'https://m.media-amazon.com/images/I/617r6M4tWpL._AC_UL320_ML3_.jpg'),
(418, 37, 2, 'https://www.amazon.co.uk/Activia-Mango-Yogurt-4x120g/dp/B07PGJYGVP/ref=sr_1_7?fpw=fresh&keywords=activia+yougurt&qid=1574332175&s=amazonfresh&sr=1-7', 2.17, 'Activia Mango Yogurt, 4x120g', '4x120g', 'https://m.media-amazon.com/images/I/61f5L7ZS+pL._AC_UL320_ML3_.jpg'),
(419, 37, 2, 'https://www.amazon.co.uk/Activia-Cherry-Yogurt-4x120g/dp/B07PGJY254/ref=sr_1_8?fpw=fresh&keywords=activia+yougurt&qid=1574332175&s=amazonfresh&sr=1-8', 2.17, 'Activia Cherry Yogurt, 4x120g', '4x120g', 'https://m.media-amazon.com/images/I/61gPJJjGmiL._AC_UL320_ML3_.jpg'),
(420, 37, 2, 'https://www.amazon.co.uk/Activia-110450125-Strawberry-Yogurt-4x120g/dp/B07PJT41LB/ref=sr_1_1?fpw=fresh&keywords=activia+yougurt&qid=1574332175&s=amazonfresh&sr=1-1-spell', 2.17, 'Activia Strawberry Yogurt, 4x120g', '4x120g', 'https://m.media-amazon.com/images/I/61x6ZNpgteL._AC_UL320_ML3_.jpg'),
(421, 37, 2, 'https://www.amazon.co.uk/Activia-Fat-Vanilla-Yogurt-4x120g/dp/B07PJT6WPZ/ref=sr_1_7?fpw=fresh&keywords=activia+yougurt&qid=1574332175&s=amazonfresh&sr=1-7-spell', 2.17, 'Activia 0% Fat Vanilla Yogurt, 4x120g', '4x120g', 'https://m.media-amazon.com/images/I/61y8FkUXUAL._AC_UL320_ML3_.jpg'),
(422, 37, 2, 'https://www.amazon.co.uk/Activia-Fat-Peach-Yogurt-4x120g/dp/B07PDGRMCV/ref=sr_1_8?fpw=fresh&keywords=activia+yougurt&qid=1574332175&s=amazonfresh&sr=1-8-spell', 2.17, 'Activia 0% Fat Peach Yogurt, 4x120g', '4x120g', 'https://m.media-amazon.com/images/I/61Cfq3OjL3L._AC_UL320_ML3_.jpg'),
(423, 37, 2, 'https://www.amazon.co.uk/Activia-Fat-Strawberry-Yogurt-4x120g/dp/B07PFDJFGZ/ref=sr_1_6?fpw=fresh&keywords=activia+yougurt&qid=1574332175&s=amazonfresh&sr=1-6-spell', 2.17, 'Activia 0% Fat Strawberry Yogurt, 4x120g', '4x120g', 'https://m.media-amazon.com/images/I/611gcyso3eL._AC_UL320_ML3_.jpg'),
(424, 38, 2, 'https://www.amazon.co.uk/Activia-Intensely-Creamy-Sumptuously-Strawberry/dp/B01GC3WJJ8/ref=sr_1_9?fpw=fresh&keywords=activia+yougurt&qid=1574332184&s=amazonfresh&sr=1-9', 2, 'Activia Intensely Creamy Strawberry Yoghurt 4 x 110g (440g)', '4x110g', 'https://m.media-amazon.com/images/I/81U3Qzu1mXL._AC_UL320_ML3_.jpg'),
(425, 38, 2, 'https://www.amazon.co.uk/Activia-Intensely-Creamy-Vanilla-Yoghurt/dp/B015Z9OH7C/ref=sr_1_4?fpw=fresh&keywords=activia+yougurt&qid=1574332184&s=amazonfresh&sr=1-4-spell', 2, 'Activia Intensely Creamy Vanilla Yoghurt 4 x 110g (440g)', '4x110g', 'https://m.media-amazon.com/images/I/81FkyL2pyJL._AC_UL320_ML3_.jpg'),
(426, 38, 2, 'https://www.amazon.co.uk/Activia-Intensely-Creamy-Luscious-Cherry/dp/B015Z9OH68/ref=sr_1_9?fpw=fresh&keywords=activia+yougurt&qid=1574332184&s=amazonfresh&sr=1-9-spell', 1.5, 'Activia Intensely Creamy Cherry Yoghurt 4 x 110g (440g)', '4x110g', 'https://m.media-amazon.com/images/I/41F2dWSvRwL._AC_UL320_ML3_.jpg'),
(427, 43, 4, 'https://groceries.asda.com/product/20532', 1.8, 'Anchor Salted Butter 250g', '250g', 'https://ui.assets-asda.com/dm/asdagroceries/5010137012505?$ProdList$'),
(428, 44, 4, 'https://groceries.asda.com/product/910000878134', 1.8, 'Anchor Unsalted Butter 250g', '250g', 'https://ui.assets-asda.com/dm/asdagroceries/5707361100275?$ProdList$'),
(429, 45, 4, 'https://groceries.asda.com/product/691647', 3.5, 'Anchor Spreadable 500g', '500g', 'https://ui.assets-asda.com/dm/asdagroceries/5707361100053?$ProdList$'),
(430, 46, 4, 'https://groceries.asda.com/product/692163', 1.95, 'Anchor Spreadable 250g', '250g', 'https://ui.assets-asda.com/dm/asdagroceries/5707361100039?$ProdList$'),
(431, 49, 4, 'https://groceries.asda.com/product/21197', 2.2, 'Lurpak Slightly Salted Spreadable 250g', '250g', 'https://ui.assets-asda.com/dm/asdagroceries/5740900805309?$ProdList$'),
(432, 49, 4, 'https://groceries.asda.com/product/38646', 2.2, 'Lurpak Lighter Slightly Salted Spreadable 250g', '250g', 'https://ui.assets-asda.com/dm/asdagroceries/5740900815308?$ProdList$'),
(433, 50, 4, 'https://groceries.asda.com/product/399016', 2.97, 'Lurpak Slightly Salted Spreadable 500g', '500g', 'https://ui.assets-asda.com/dm/asdagroceries/5740900805408?$ProdList$'),
(434, 50, 4, 'https://groceries.asda.com/product/38647', 2.97, 'Lurpak Lighter Slightly Salted Spreadable 500g', '500g', 'https://ui.assets-asda.com/dm/asdagroceries/5740900815407?$ProdList$'),
(435, 50, 4, 'https://groceries.asda.com/product/49166493', 2.97, 'Lurpak Unsalted Spreadable 500g', '500g', 'https://ui.assets-asda.com/dm/asdagroceries/5740900400986?$ProdList$'),
(436, 50, 4, 'https://groceries.asda.com/product/1000045143526', 2.97, 'Lurpak Softest Slightly Salted Spreadable 500g', '500g', 'https://ui.assets-asda.com/dm/asdagroceries/5740900402959?$ProdList$'),
(437, 50, 4, 'https://groceries.asda.com/product/910000459354', 2.97, 'Lurpak Light Olive Spreadable 500g', '500g', 'https://ui.assets-asda.com/dm/asdagroceries/5740900401396?$ProdList$'),
(438, 43, 2, 'https://www.amazon.co.uk/Anchor-Original-Block-Butter-250g/dp/B002V6N7W4/ref=sr_1_2?fpw=fresh&keywords=anchor+salted+butter&qid=1574332222&s=amazonfresh&sr=1-2', 1.8, 'Anchor Original Block Butter, 250g', '250g', 'https://m.media-amazon.com/images/I/71B+qnQVkRL._AC_UL320_ML3_.jpg'),
(439, 43, 2, 'https://www.amazon.co.uk/Anchor-103098637-Spreadable-250-g/dp/B007N1O69A/ref=sr_1_3?fpw=fresh&keywords=anchor+salted+butter&qid=1574332222&s=amazonfresh&sr=1-3', 1.95, 'Anchor Spreadable, 250 g', '250g', 'https://m.media-amazon.com/images/I/71kz8Y15TFL._AC_UL320_ML3_.jpg'),
(440, 43, 2, 'https://www.amazon.co.uk/Anchor-103086353-Unsalted-Butter-250g/dp/B01GCQ69YG/ref=sr_1_fkmr1_1?fpw=fresh&keywords=anchor+salted+butter&qid=1574332222&s=amazonfresh&sr=1-1-fkmr1', 1.64, 'Anchor Unsalted Butter, 250g', '250g', 'https://m.media-amazon.com/images/I/71ktOrm3DTL._AC_UL320_ML3_.jpg'),
(441, 45, 2, 'https://www.amazon.co.uk/Anchor-Spreadable-Light-Butter-500g/dp/B003FTDYYW/ref=sr_1_3?fpw=fresh&keywords=anchor+spreadable&qid=1574332237&s=amazonfresh&sr=1-3', 2.5, 'Anchor Spreadable Light Tub Butter, 500g', '500g', 'https://m.media-amazon.com/images/I/71oUO+k+hdL._AC_UL320_ML3_.jpg'),
(442, 49, 2, 'https://www.amazon.co.uk/Lurpak-Lighter-Spreadable-250-g/dp/B007SAW8YG/ref=sr_1_6?fpw=fresh&keywords=lurpak+spreadable&qid=1574332265&s=amazonfresh&sr=1-6', 2.2, 'Lurpak Lighter Spreadable, 250 g', '250g', 'https://m.media-amazon.com/images/I/71EPrwDpBpL._AC_UL320_ML3_.jpg'),
(443, 50, 2, 'https://www.amazon.co.uk/Lurpak-Unsalted-Spreadable-Butter-500g/dp/B00ISCQDCG/ref=sr_1_1?fpw=fresh&keywords=lurpak+spreadable&qid=1574332272&s=amazonfresh&sr=1-1', 3.75, 'Lurpak Unsalted Spreadable, 500 g', '500g', 'https://m.media-amazon.com/images/I/71J3DaQjQVL._AC_UL320_ML3_.jpg'),
(444, 50, 2, 'https://www.amazon.co.uk/Lurpak-Slightly-Salted-Spreadable-500/dp/B0042QZQA2/ref=sr_1_2?fpw=fresh&keywords=lurpak+spreadable&qid=1574332272&s=amazonfresh&sr=1-2', 3, 'Lurpak Slightly Salted Spreadable, 500 g', '500g', 'https://m.media-amazon.com/images/I/71+jqqe2-EL._AC_UL320_ML3_.jpg'),
(445, 50, 2, 'https://www.amazon.co.uk/Lurpak-Softest-Slightly-Salted-500/dp/B07GJPK4G2/ref=sr_1_3?fpw=fresh&keywords=lurpak+spreadable&qid=1574332272&s=amazonfresh&sr=1-3', 3.75, 'Lurpak Softest Spreadable, 500g', '500g', 'https://m.media-amazon.com/images/I/61qUPHPtMvL._AC_UL320_ML3_.jpg'),
(446, 50, 2, 'https://www.amazon.co.uk/Lurpak-Spreadable-Olive-Lighter-Butter/dp/B014QTYP10/ref=sr_1_4?fpw=fresh&keywords=lurpak+spreadable&qid=1574332272&s=amazonfresh&sr=1-4', 3.75, 'Lurpak Lighter Olive Oil Spreadable, 500 g', '500g', 'https://m.media-amazon.com/images/I/717ojOEXnML._AC_UL320_ML3_.jpg'),
(447, 50, 2, 'https://www.amazon.co.uk/Lurpak-Lightest-Spreadable-Butter-500g/dp/B01GCRG5V2/ref=sr_1_8?fpw=fresh&keywords=lurpak+spreadable&qid=1574332272&s=amazonfresh&sr=1-8', 3.75, 'Lurpak Lightest Spreadable, 500 g', '500g', 'https://m.media-amazon.com/images/I/71lfU3IECjL._AC_UL320_ML3_.jpg'),
(448, 50, 2, 'https://www.amazon.co.uk/Lurpak-Spreadable-Lighter-Unsalted-Butter/dp/B004M201EM/ref=sr_1_10?fpw=fresh&keywords=lurpak+spreadable&qid=1574332272&s=amazonfresh&sr=1-10', 3.75, 'Lurpak Lighter Unsalted Spreadable, 500 g', '500g', 'https://m.media-amazon.com/images/I/71Dneesw15L._AC_UL320_ML3_.jpg'),
(449, 1, 3, 'https://www.aldi.co.uk/whole-milk---1-pint/p/063833142221600', 0.49, 'Whole Milk - 1 Pint', '1 pint', 'https://cdn.aldi-digital.co.uk//Whole-Milk---1-Pint-A.jpg?o=vTltSa7rWyA83iczSiJfi5hz46Ej&V=2mQR&w=111&h=139&p=2&q=89'),
(450, 2, 3, 'https://www.aldi.co.uk/whole-milk---2-pints/p/056359142221400', 0.79, 'Whole Milk - 2 Pints', '2 pint', 'https://cdn.aldi-digital.co.uk//Whole-Milk---2-Pints.jpg?o=%40onV1MuecWqyaA84CWnkFhRxxEcj&V=tx1r&w=111&h=139&p=2&q=89'),
(451, 3, 3, 'https://www.aldi.co.uk/whole-milk---4-pints/p/045612058741100', 1.09, 'Whole Milk - 4 Pints', '4 pint', 'https://cdn.aldi-digital.co.uk//Whole-Milk---4-Pints.jpg?o=pqSs70UtwrQbybW93cougenhfTkj&V=509W&w=111&h=139&p=2&q=89'),
(452, 5, 3, 'https://www.aldi.co.uk/semi-skimmed-milk---1-pint/p/063834142221800', 0.49, 'Semi Skimmed Milk - 1 Pint', '1 pint', 'https://cdn.aldi-digital.co.uk//Semi-Skimmed-Milk---1-Pint-A.jpg?o=mHUMLxsmZEBLzHYVP4gxSxpcN%24Ij&V=Bks4&w=111&h=139&p=2&q=89'),
(453, 6, 3, 'https://www.aldi.co.uk/semi-skimmed-milk---2-pints/p/045611003560400', 0.79, 'Semi Skimmed Milk - 2 Pints', '2 pint', 'https://cdn.aldi-digital.co.uk//Semi-Skimmed-Milk---2-Pints.jpg?o=XENxcxYeqi1%25403BdAli2UngB0%2524ucj&V=8t7x&w=111&h=139&p=2&q=89'),
(454, 10, 5, 'https://www.tesco.com/groceries/en-GB/products/267308648', 3.5, 'Cathedral City Lighter Mature Cheese 350 G', '350g', 'data:image/gif;base64,R0lGODlhAQABAAAAACH5BAEKAAEALAAAAAABAAEAAAICTAEAOw=='),
(455, 11, 5, 'https://www.tesco.com/groceries/en-GB/products/267273555', 3.5, 'Cathedral City Extra Mature Cheddar Cheese 350 G', '350g', 'data:image/gif;base64,R0lGODlhAQABAAAAACH5BAEKAAEALAAAAAABAAEAAAICTAEAOw=='),
(456, 20, 5, 'https://www.tesco.com/groceries/en-GB/products/285141022', 1.95, 'Philadelphia Soft Cheese With Garlic & Herb 170G', '170g', 'data:image/gif;base64,R0lGODlhAQABAAAAACH5BAEKAAEALAAAAAABAAEAAAICTAEAOw=='),
(457, 20, 5, 'https://www.tesco.com/groceries/en-GB/products/285140864', 1.95, 'Philadelphia Soft Cheese With Chives 170 G', '170g', 'data:image/gif;base64,R0lGODlhAQABAAAAACH5BAEKAAEALAAAAAABAAEAAAICTAEAOw=='),
(458, 20, 5, 'https://www.tesco.com/groceries/en-GB/products/285141419', 1.95, 'Philadelphia Soft Cheese With Sweet Chilli 170 G', '170g', 'data:image/gif;base64,R0lGODlhAQABAAAAACH5BAEKAAEALAAAAAABAAEAAAICTAEAOw=='),
(459, 21, 5, 'https://www.tesco.com/groceries/en-GB/products/285142009', 1.95, 'Philadelphia Original Soft Cheese 180 G', '180g', 'data:image/gif;base64,R0lGODlhAQABAAAAACH5BAEKAAEALAAAAAABAAEAAAICTAEAOw=='),
(460, 21, 5, 'https://www.tesco.com/groceries/en-GB/products/285140743', 1.95, 'Philadelphia Light Soft Cheese 180 G', '180g', 'data:image/gif;base64,R0lGODlhAQABAAAAACH5BAEKAAEALAAAAAABAAEAAAICTAEAOw=='),
(461, 21, 5, 'https://www.tesco.com/groceries/en-GB/products/285141955', 1.95, 'Philadelphia Lightest Soft Cheese 180 G', '180g', 'data:image/gif;base64,R0lGODlhAQABAAAAACH5BAEKAAEALAAAAAABAAEAAAICTAEAOw=='),
(462, 23, 5, 'https://www.tesco.com/groceries/en-GB/products/288406949', 0.55, 'Tesco White Medium Bread 800G', '800g', 'data:image/gif;base64,R0lGODlhAQABAAAAACH5BAEKAAEALAAAAAABAAEAAAICTAEAOw=='),
(463, 23, 5, 'https://www.tesco.com/groceries/en-GB/products/256174499', 1.1, 'Hovis Soft White Medium Bread 800G', '800g', 'data:image/gif;base64,R0lGODlhAQABAAAAACH5BAEKAAEALAAAAAABAAEAAAICTAEAOw=='),
(464, 23, 5, 'https://www.tesco.com/groceries/en-GB/products/250168194', 1.35, 'Warburtons Farmhouse White Bread 800G', '800g', 'data:image/gif;base64,R0lGODlhAQABAAAAACH5BAEKAAEALAAAAAABAAEAAAICTAEAOw=='),
(465, 23, 5, 'https://www.tesco.com/groceries/en-GB/products/254550817', 1.1, 'Hovis Soft White Thick Bread 800G', '800g', 'data:image/gif;base64,R0lGODlhAQABAAAAACH5BAEKAAEALAAAAAABAAEAAAICTAEAOw=='),
(466, 23, 5, 'https://www.tesco.com/groceries/en-GB/products/254942348', 1.05, 'Warburtons Toastie Sliced White Bread 800G', '800g', 'data:image/gif;base64,R0lGODlhAQABAAAAACH5BAEKAAEALAAAAAABAAEAAAICTAEAOw=='),
(467, 23, 5, 'https://www.tesco.com/groceries/en-GB/products/285060503', 0.55, 'Tesco White Toastie Thick Bread 800G', '800g', 'data:image/gif;base64,R0lGODlhAQABAAAAACH5BAEKAAEALAAAAAABAAEAAAICTAEAOw=='),
(468, 23, 5, 'https://www.tesco.com/groceries/en-GB/products/250759508', 1.1, 'Tesco Crusty White Farmhouse Sliced Bread 800G', '800g', 'data:image/gif;base64,R0lGODlhAQABAAAAACH5BAEKAAEALAAAAAABAAEAAAICTAEAOw=='),
(469, 23, 5, 'https://www.tesco.com/groceries/en-GB/products/254942325', 1.05, 'Warburtons Medium Sliced White Bread 800G', '800g', 'data:image/gif;base64,R0lGODlhAQABAAAAACH5BAEKAAEALAAAAAABAAEAAAICTAEAOw=='),
(470, 23, 5, 'https://www.tesco.com/groceries/en-GB/products/299045570', 0.36, 'H W Nevill\'s White Bread 800G', '800g', 'data:image/gif;base64,R0lGODlhAQABAAAAACH5BAEKAAEALAAAAAABAAEAAAICTAEAOw=='),
(471, 23, 5, 'https://www.tesco.com/groceries/en-GB/products/255809189', 1.1, 'Tesco White Farmhouse Bread 800G', '800g', 'data:image/gif;base64,R0lGODlhAQABAAAAACH5BAEKAAEALAAAAAABAAEAAAICTAEAOw=='),
(472, 23, 5, 'https://www.tesco.com/groceries/en-GB/products/259804983', 0.89, 'Kingsmill Soft White Thick Bread 800G', '800g', 'data:image/gif;base64,R0lGODlhAQABAAAAACH5BAEKAAEALAAAAAABAAEAAAICTAEAOw=='),
(473, 23, 5, 'https://www.tesco.com/groceries/en-GB/products/255809143', 1.1, 'Tesco Crusty White Split Tin Bread 800G', '800g', 'data:image/gif;base64,R0lGODlhAQABAAAAACH5BAEKAAEALAAAAAABAAEAAAICTAEAOw=='),
(474, 23, 5, 'https://www.tesco.com/groceries/en-GB/products/255809310', 1.1, 'Tesco Crusty White Split Tin Sliced Bread 800G', '800g', 'data:image/gif;base64,R0lGODlhAQABAAAAACH5BAEKAAEALAAAAAABAAEAAAICTAEAOw=='),
(475, 24, 5, 'https://www.tesco.com/groceries/en-GB/products/257964778', 1.1, 'Tesco Wholemeal Bread Loaf 800G', '800g', 'data:image/gif;base64,R0lGODlhAQABAAAAACH5BAEKAAEALAAAAAABAAEAAAICTAEAOw=='),
(476, 24, 5, 'https://www.tesco.com/groceries/en-GB/products/252990345', 0.89, 'Kingsmill Tasty Wholemeal Medium Bread 800G', '800g', 'data:image/gif;base64,R0lGODlhAQABAAAAACH5BAEKAAEALAAAAAABAAEAAAICTAEAOw=='),
(477, 24, 5, 'https://www.tesco.com/groceries/en-GB/products/255000362', 1.1, 'Hovis Wholemeal Medium Bread 800G', '800g', 'data:image/gif;base64,R0lGODlhAQABAAAAACH5BAEKAAEALAAAAAABAAEAAAICTAEAOw=='),
(478, 24, 5, 'https://www.tesco.com/groceries/en-GB/products/263518014', 1.1, 'Hovis Wholemeal Thick Bread 800G', '800g', 'data:image/gif;base64,R0lGODlhAQABAAAAACH5BAEKAAEALAAAAAABAAEAAAICTAEAOw=='),
(479, 24, 5, 'https://www.tesco.com/groceries/en-GB/products/254944260', 1.05, 'Warburtons Wholemeal Medium Bread 800G', '800g', 'data:image/gif;base64,R0lGODlhAQABAAAAACH5BAEKAAEALAAAAAABAAEAAAICTAEAOw=='),
(480, 24, 5, 'https://www.tesco.com/groceries/en-GB/products/288407096', 0.55, 'Tesco Wholemeal Medium Bread 800G', '800g', 'data:image/gif;base64,R0lGODlhAQABAAAAACH5BAEKAAEALAAAAAABAAEAAAICTAEAOw=='),
(481, 24, 5, 'https://www.tesco.com/groceries/en-GB/products/293352123', 1.15, 'Hovis Farmhouse Wholemeal Bread 800G', '800g', 'data:image/gif;base64,R0lGODlhAQABAAAAACH5BAEKAAEALAAAAAABAAEAAAICTAEAOw=='),
(482, 24, 5, 'https://www.tesco.com/groceries/en-GB/products/299045558', 0.36, 'H W Nevill\'s Wholemeal Bread 800G', '800g', 'data:image/gif;base64,R0lGODlhAQABAAAAACH5BAEKAAEALAAAAAABAAEAAAICTAEAOw=='),
(483, 24, 5, 'https://www.tesco.com/groceries/en-GB/products/274811254', 1.5, 'Hovis 7 Seeds Wholemeal Bread 800G', '800g', 'data:image/gif;base64,R0lGODlhAQABAAAAACH5BAEKAAEALAAAAAABAAEAAAICTAEAOw=='),
(484, 25, 5, 'https://www.tesco.com/groceries/en-GB/products/258081588', 0.79, 'Tesco Crusty White Farmhouse Sliced Bread 400G', '400g', 'data:image/gif;base64,R0lGODlhAQABAAAAACH5BAEKAAEALAAAAAABAAEAAAICTAEAOw=='),
(485, 25, 5, 'https://www.tesco.com/groceries/en-GB/products/300810579', 1.5, 'Warburtons Old English White Bread 400G', '400g', 'data:image/gif;base64,R0lGODlhAQABAAAAACH5BAEKAAEALAAAAAABAAEAAAICTAEAOw=='),
(486, 25, 5, 'https://www.tesco.com/groceries/en-GB/products/257989991', 0.79, 'Tesco Crusty White Split Tin Sliced Bread 400G', '400g', 'data:image/gif;base64,R0lGODlhAQABAAAAACH5BAEKAAEALAAAAAABAAEAAAICTAEAOw=='),
(487, 25, 5, 'https://www.tesco.com/groceries/en-GB/products/252488704', 0.79, 'Tesco Crusty White Farmhouse Bread 400G', '400g', 'data:image/gif;base64,R0lGODlhAQABAAAAACH5BAEKAAEALAAAAAABAAEAAAICTAEAOw=='),
(488, 25, 5, 'https://www.tesco.com/groceries/en-GB/products/302088635', 0.9, 'Warburtons White Farmhouse Bread 400G', '400g', 'data:image/gif;base64,R0lGODlhAQABAAAAACH5BAEKAAEALAAAAAABAAEAAAICTAEAOw=='),
(489, 25, 5, 'https://www.tesco.com/groceries/en-GB/products/254942354', 0.9, 'Warburtons Toastie Sliced Small White Bread 400G', '400g', 'data:image/gif;base64,R0lGODlhAQABAAAAACH5BAEKAAEALAAAAAABAAEAAAICTAEAOw=='),
(490, 26, 5, 'https://www.tesco.com/groceries/en-GB/products/254944283', 0.9, 'Warburtons Small Wholemeal Medium Bread 400G', '400g', 'data:image/gif;base64,R0lGODlhAQABAAAAACH5BAEKAAEALAAAAAABAAEAAAICTAEAOw=='),
(491, 26, 5, 'https://www.tesco.com/groceries/en-GB/products/250829858', 0.85, 'Hovis Small Wholemeal Medium Bread 400G', '400g', 'data:image/gif;base64,R0lGODlhAQABAAAAACH5BAEKAAEALAAAAAABAAEAAAICTAEAOw=='),
(492, 27, 5, 'https://www.tesco.com/groceries/en-GB/products/296050487', 2.48, 'Tropicana Orange Juice Smooth 950 Ml', '950ml', 'data:image/gif;base64,R0lGODlhAQABAAAAACH5BAEKAAEALAAAAAABAAEAAAICTAEAOw=='),
(493, 27, 5, 'https://www.tesco.com/groceries/en-GB/products/296050504', 2.48, 'Tropicana Orange Juice Original 950 Ml', '950ml', 'data:image/gif;base64,R0lGODlhAQABAAAAACH5BAEKAAEALAAAAAABAAEAAAICTAEAOw=='),
(494, 27, 5, 'https://www.tesco.com/groceries/en-GB/products/296050562', 2.48, 'Tropicana Orange Extra Juicy Bits Juice 950 Ml', '950ml', 'data:image/gif;base64,R0lGODlhAQABAAAAACH5BAEKAAEALAAAAAABAAEAAAICTAEAOw=='),
(495, 28, 5, 'https://www.tesco.com/groceries/en-GB/products/287438170', 1.4, 'Tropicana Orange Juice Smooth 300 Ml', '300ml', 'data:image/gif;base64,R0lGODlhAQABAAAAACH5BAEKAAEALAAAAAABAAEAAAICTAEAOw=='),
(496, 28, 5, 'https://www.tesco.com/groceries/en-GB/products/287438135', 1.4, 'Tropicana Orange Juice Original 300 Ml', '300ml', 'data:image/gif;base64,R0lGODlhAQABAAAAACH5BAEKAAEALAAAAAABAAEAAAICTAEAOw=='),
(497, 28, 5, 'https://www.tesco.com/groceries/en-GB/products/287439094', 1.4, 'Tropicana Orange & Mango Juice 300 Ml', '300ml', 'data:image/gif;base64,R0lGODlhAQABAAAAACH5BAEKAAEALAAAAAABAAEAAAICTAEAOw=='),
(498, 29, 5, 'https://www.tesco.com/groceries/en-GB/products/296050585', 2.48, 'Tropicana Apple Juice 950 Ml', '950ml', 'data:image/gif;base64,R0lGODlhAQABAAAAACH5BAEKAAEALAAAAAABAAEAAAICTAEAOw=='),
(499, 30, 5, 'https://www.tesco.com/groceries/en-GB/products/254859384', 1.5, 'Ocean Spray Cranberry Classic Juice Drink 1 Litre', '1L', 'data:image/gif;base64,R0lGODlhAQABAAAAACH5BAEKAAEALAAAAAABAAEAAAICTAEAOw=='),
(500, 30, 5, 'https://www.tesco.com/groceries/en-GB/products/252648579', 1.5, 'Ocean Spray Cranberry Classic Light Juice Drink 1 Litre', '1L', 'data:image/gif;base64,R0lGODlhAQABAAAAACH5BAEKAAEALAAAAAABAAEAAAICTAEAOw=='),
(501, 30, 5, 'https://www.tesco.com/groceries/en-GB/products/304380055', 2.19, 'Ocean Spray Cranberry Juice 1 Litre', '1L', 'data:image/gif;base64,R0lGODlhAQABAAAAACH5BAEKAAEALAAAAAABAAEAAAICTAEAOw=='),
(502, 30, 5, 'https://www.tesco.com/groceries/en-GB/products/257630874', 1.5, 'Ocean Spray Cranberry & Raspberry Juice Drink 1 Litre', '1L', 'data:image/gif;base64,R0lGODlhAQABAAAAACH5BAEKAAEALAAAAAABAAEAAAICTAEAOw=='),
(503, 30, 5, 'https://www.tesco.com/groceries/en-GB/products/254668811', 4.85, 'Ocean Spray Cranberry Classic Juice Drink 4 X 1 Litre', '1L', 'data:image/gif;base64,R0lGODlhAQABAAAAACH5BAEKAAEALAAAAAABAAEAAAICTAEAOw=='),
(504, 30, 5, 'https://www.tesco.com/groceries/en-GB/products/253983583', 4.85, 'Ocean Spray Cranberry Classic Light Juice Drink 4 X 1 Litre', '1L', 'data:image/gif;base64,R0lGODlhAQABAAAAACH5BAEKAAEALAAAAAABAAEAAAICTAEAOw=='),
(505, 30, 5, 'https://www.tesco.com/groceries/en-GB/products/304384270', 1.35, 'Ocean Spray Cranberry & Apple Juice Drink 1L', '1L', 'data:image/gif;base64,R0lGODlhAQABAAAAACH5BAEKAAEALAAAAAABAAEAAAICTAEAOw=='),
(506, 31, 5, 'https://www.tesco.com/groceries/en-GB/products/271400233', 3.2, 'Innocent Orange Juice Smooth 1.35 Litre', '1.35', 'data:image/gif;base64,R0lGODlhAQABAAAAACH5BAEKAAEALAAAAAABAAEAAAICTAEAOw=='),
(507, 31, 5, 'https://www.tesco.com/groceries/en-GB/products/271400354', 3.2, 'Innocent Orange Juice With Bits 1.35 Litre', '1.35', 'data:image/gif;base64,R0lGODlhAQABAAAAACH5BAEKAAEALAAAAAABAAEAAAICTAEAOw=='),
(508, 32, 5, 'https://www.tesco.com/groceries/en-GB/products/276685837', 3.2, 'Innocent Tropical Juice 1.35 Litre', '1.35', 'data:image/gif;base64,R0lGODlhAQABAAAAACH5BAEKAAEALAAAAAABAAEAAAICTAEAOw=='),
(509, 33, 5, 'https://www.tesco.com/groceries/en-GB/products/276683488', 3.2, 'Innocent Apple & Mango Juice 1.35 Litre', '1.35', 'data:image/gif;base64,R0lGODlhAQABAAAAACH5BAEKAAEALAAAAAABAAEAAAICTAEAOw=='),
(510, 34, 5, 'https://www.tesco.com/groceries/en-GB/products/252415665', 2, 'The Laughing Cow Light Cheese Triangles 280 G', '280g', 'data:image/gif;base64,R0lGODlhAQABAAAAACH5BAEKAAEALAAAAAABAAEAAAICTAEAOw=='),
(511, 34, 5, 'https://www.tesco.com/groceries/en-GB/products/250354970', 2, 'The Laughing Cow Original Cheese Triangles 280 G', '280g', 'data:image/gif;base64,R0lGODlhAQABAAAAACH5BAEKAAEALAAAAAABAAEAAAICTAEAOw=='),
(512, 35, 5, 'https://www.tesco.com/groceries/en-GB/products/282111218', 1.45, 'The Laughing Cow Cheese Dip & Crunch Spead 140 G', '140g', 'data:image/gif;base64,R0lGODlhAQABAAAAACH5BAEKAAEALAAAAAABAAEAAAICTAEAOw=='),
(513, 35, 5, 'https://www.tesco.com/groceries/en-GB/products/255998770', 1.4, 'The Laughing Cow Extra Light Cheese Triangles 140 G', '140g', 'data:image/gif;base64,R0lGODlhAQABAAAAACH5BAEKAAEALAAAAAABAAEAAAICTAEAOw=='),
(514, 35, 5, 'https://www.tesco.com/groceries/en-GB/products/257528950', 1.4, 'The Laughing Cow Light Cheese Triangles 140 G', '140g', 'data:image/gif;base64,R0lGODlhAQABAAAAACH5BAEKAAEALAAAAAABAAEAAAICTAEAOw=='),
(515, 35, 5, 'https://www.tesco.com/groceries/en-GB/products/255200428', 1.4, 'The Laughing Cow Original Cheese Triangles 140 G', '140g', 'data:image/gif;base64,R0lGODlhAQABAAAAACH5BAEKAAEALAAAAAABAAEAAAICTAEAOw=='),
(516, 36, 5, 'https://www.tesco.com/groceries/en-GB/products/303191349', 3, 'Activia Mixed Fruit Yogurt 8 X 120G', '8x120g', 'data:image/gif;base64,R0lGODlhAQABAAAAACH5BAEKAAEALAAAAAABAAEAAAICTAEAOw=='),
(517, 36, 5, 'https://www.tesco.com/groceries/en-GB/products/303191303', 3, 'Activia Fat Free Mixed Red Fruit Yogurt 8 X 120G', '8x120g', 'data:image/gif;base64,R0lGODlhAQABAAAAACH5BAEKAAEALAAAAAABAAEAAAICTAEAOw=='),
(518, 36, 5, 'https://www.tesco.com/groceries/en-GB/products/303191326', 3, 'Activia Health Fruit Yogurt 8 X 120G', '8x120g', 'data:image/gif;base64,R0lGODlhAQABAAAAACH5BAEKAAEALAAAAAABAAEAAAICTAEAOw=='),
(519, 37, 5, 'https://www.tesco.com/groceries/en-GB/products/303191286', 2, 'Activia Strawberry Yogurt 4 X 120G', '4x120g', 'data:image/gif;base64,R0lGODlhAQABAAAAACH5BAEKAAEALAAAAAABAAEAAAICTAEAOw=='),
(520, 37, 5, 'https://www.tesco.com/groceries/en-GB/products/303191263', 2, 'Activia Rhubarb Yogurt 4 X 120G', '4x120g', 'data:image/gif;base64,R0lGODlhAQABAAAAACH5BAEKAAEALAAAAAABAAEAAAICTAEAOw=='),
(521, 37, 5, 'https://www.tesco.com/groceries/en-GB/products/303184122', 2, 'Activia Fat Free Peach Yogurt 4 X 120G', '4x120g', 'data:image/gif;base64,R0lGODlhAQABAAAAACH5BAEKAAEALAAAAAABAAEAAAICTAEAOw=='),
(522, 37, 5, 'https://www.tesco.com/groceries/en-GB/products/303191240', 2, 'Activia Fat Free Cherry Yogurt 4 X 120G', '4x120g', 'data:image/gif;base64,R0lGODlhAQABAAAAACH5BAEKAAEALAAAAAABAAEAAAICTAEAOw=='),
(523, 37, 5, 'https://www.tesco.com/groceries/en-GB/products/303184109', 2, 'Activia Fat Free Raspberry Yogurt 4 X 120G', '4x120g', 'data:image/gif;base64,R0lGODlhAQABAAAAACH5BAEKAAEALAAAAAABAAEAAAICTAEAOw=='),
(524, 37, 5, 'https://www.tesco.com/groceries/en-GB/products/303184082', 2, 'Activia Fat Free Vanilla Yogurt 4 X 120G', '4x120g', 'data:image/gif;base64,R0lGODlhAQABAAAAACH5BAEKAAEALAAAAAABAAEAAAICTAEAOw=='),
(525, 37, 5, 'https://www.tesco.com/groceries/en-GB/products/303184069', 2, 'Activia Fat Free Strawberry Yogurt 4 X 120G', '4x120g', 'data:image/gif;base64,R0lGODlhAQABAAAAACH5BAEKAAEALAAAAAABAAEAAAICTAEAOw=='),
(526, 37, 5, 'https://www.tesco.com/groceries/en-GB/products/297656316', 2.6, 'Activia Grains & Nuts Walnuts & Oats Yogurt 4X120g', '4x120g', 'data:image/gif;base64,R0lGODlhAQABAAAAACH5BAEKAAEALAAAAAABAAEAAAICTAEAOw=='),
(527, 37, 5, 'https://www.tesco.com/groceries/en-GB/products/297656339', 2.6, 'Activia Muesli Fruit 0% Fat Yogurts 4X120g', '4x120g', 'data:image/gif;base64,R0lGODlhAQABAAAAACH5BAEKAAEALAAAAAABAAEAAAICTAEAOw=='),
(528, 38, 5, 'https://www.tesco.com/groceries/en-GB/products/282470604', 2, 'Activia Intensely Creamy Peach Yogurt 4 X110g', '4x110g', 'data:image/gif;base64,R0lGODlhAQABAAAAACH5BAEKAAEALAAAAAABAAEAAAICTAEAOw=='),
(529, 38, 5, 'https://www.tesco.com/groceries/en-GB/products/282448799', 2, 'Activia Intensely Creamy Vanilla Yogurt 4 X110g', '4x110g', 'data:image/gif;base64,R0lGODlhAQABAAAAACH5BAEKAAEALAAAAAABAAEAAAICTAEAOw=='),
(530, 39, 5, 'https://www.tesco.com/groceries/en-GB/products/257720163', 3.75, 'Actimel Strawberry Yogurt Drink 12 X100g', '12x100g', 'data:image/gif;base64,R0lGODlhAQABAAAAACH5BAEKAAEALAAAAAABAAEAAAICTAEAOw=='),
(531, 39, 5, 'https://www.tesco.com/groceries/en-GB/products/258207983', 3.75, 'Actimel Multifruit Yogurt Drink 12 X100g', '12x100g', 'data:image/gif;base64,R0lGODlhAQABAAAAACH5BAEKAAEALAAAAAABAAEAAAICTAEAOw=='),
(532, 39, 5, 'https://www.tesco.com/groceries/en-GB/products/283315114', 3.75, 'Actimel Strawberry Blueberry Yogurt Drink 12 X100g', '12x100g', 'data:image/gif;base64,R0lGODlhAQABAAAAACH5BAEKAAEALAAAAAABAAEAAAICTAEAOw=='),
(533, 39, 5, 'https://www.tesco.com/groceries/en-GB/products/259050439', 3.75, 'Actimel Fat Free Original Yogurt Drink 12 X100g', '12x100g', 'data:image/gif;base64,R0lGODlhAQABAAAAACH5BAEKAAEALAAAAAABAAEAAAICTAEAOw=='),
(534, 40, 5, 'https://www.tesco.com/groceries/en-GB/products/255084895', 2.75, 'Actimel Strawberry Yogurt Drink 8 X100g', '8x100g', 'data:image/gif;base64,R0lGODlhAQABAAAAACH5BAEKAAEALAAAAAABAAEAAAICTAEAOw=='),
(535, 40, 5, 'https://www.tesco.com/groceries/en-GB/products/256145937', 2.75, 'Actimel Multifruit Yogurt Drink 8 X100g', '8x100g', 'data:image/gif;base64,R0lGODlhAQABAAAAACH5BAEKAAEALAAAAAABAAEAAAICTAEAOw=='),
(536, 40, 5, 'https://www.tesco.com/groceries/en-GB/products/255024950', 2.75, 'Actimel Fat Free Strawberry Yogurt Drink 8 X100g', '8x100g', 'data:image/gif;base64,R0lGODlhAQABAAAAACH5BAEKAAEALAAAAAABAAEAAAICTAEAOw=='),
(537, 40, 5, 'https://www.tesco.com/groceries/en-GB/products/260928737', 2.75, 'Actimel Blueberry Yogurt Drink 8 X100g', '8x100g', 'data:image/gif;base64,R0lGODlhAQABAAAAACH5BAEKAAEALAAAAAABAAEAAAICTAEAOw=='),
(538, 40, 5, 'https://www.tesco.com/groceries/en-GB/products/258837908', 2.75, 'Actimel Fat Free Raspberry Yogurt Drink 8 X100g', '8x100g', 'data:image/gif;base64,R0lGODlhAQABAAAAACH5BAEKAAEALAAAAAABAAEAAAICTAEAOw=='),
(539, 40, 5, 'https://www.tesco.com/groceries/en-GB/products/263761531', 2.75, 'Actimel Vanilla Yogurt Drink 8 X100g', '8x100g', 'data:image/gif;base64,R0lGODlhAQABAAAAACH5BAEKAAEALAAAAAABAAEAAAICTAEAOw=='),
(540, 40, 5, 'https://www.tesco.com/groceries/en-GB/products/250468081', 2.75, 'Actimel Fat Free Original Yogurt Drink 8 X100g', '8x100g', 'data:image/gif;base64,R0lGODlhAQABAAAAACH5BAEKAAEALAAAAAABAAEAAAICTAEAOw=='),
(541, 40, 5, 'https://www.tesco.com/groceries/en-GB/products/303917679', 2.75, 'Actimel 0% Lemon Yogurt Drink 8 X 100G', '8x100g', 'data:image/gif;base64,R0lGODlhAQABAAAAACH5BAEKAAEALAAAAAABAAEAAAICTAEAOw=='),
(542, 43, 5, 'https://www.tesco.com/groceries/en-GB/products/254263374', 1.8, 'Anchor Salted Block Butter 250G', '250g', 'data:image/gif;base64,R0lGODlhAQABAAAAACH5BAEKAAEALAAAAAABAAEAAAICTAEAOw=='),
(543, 44, 5, 'https://www.tesco.com/groceries/en-GB/products/259395941', 1.8, 'Anchor Unsalted Block Butter 250G', '250g', 'data:image/gif;base64,R0lGODlhAQABAAAAACH5BAEKAAEALAAAAAABAAEAAAICTAEAOw=='),
(544, 49, 5, 'https://www.tesco.com/groceries/en-GB/products/252581962', 2.2, 'Lurpak Slightly Salted Spreadable 250G', '250g', 'data:image/gif;base64,R0lGODlhAQABAAAAACH5BAEKAAEALAAAAAABAAEAAAICTAEAOw=='),
(545, 49, 5, 'https://www.tesco.com/groceries/en-GB/products/252246398', 2.2, 'Lurpak Lighter Salted Spreadable 250G', '250g', 'data:image/gif;base64,R0lGODlhAQABAAAAACH5BAEKAAEALAAAAAABAAEAAAICTAEAOw=='),
(546, 50, 5, 'https://www.tesco.com/groceries/en-GB/products/253886894', 3.75, 'Lurpak Slightly Salted Spreadable 500G', '500g', 'data:image/gif;base64,R0lGODlhAQABAAAAACH5BAEKAAEALAAAAAABAAEAAAICTAEAOw=='),
(547, 50, 5, 'https://www.tesco.com/groceries/en-GB/products/261631216', 3.75, 'Lurpak Unsalted Spreadable 500G', '500g', 'data:image/gif;base64,R0lGODlhAQABAAAAACH5BAEKAAEALAAAAAABAAEAAAICTAEAOw=='),
(548, 50, 5, 'https://www.tesco.com/groceries/en-GB/products/252246415', 3.75, 'Lurpak Lighter Salted Spreadable 500G', '500g', 'data:image/gif;base64,R0lGODlhAQABAAAAACH5BAEKAAEALAAAAAABAAEAAAICTAEAOw=='),
(549, 50, 5, 'https://www.tesco.com/groceries/en-GB/products/300842685', 3.75, 'Lurpak Softest Spreadable 500G', '500g', 'data:image/gif;base64,R0lGODlhAQABAAAAACH5BAEKAAEALAAAAAABAAEAAAICTAEAOw==');

-- --------------------------------------------------------

--
-- Table structure for table `supermarket`
--

CREATE TABLE `supermarket` (
  `supermarket_id` int(11) NOT NULL,
  `supermarket_name` text NOT NULL,
  `supermarket_image` text NOT NULL,
  `supermarket_url` text NOT NULL
) ENGINE=InnoDB DEFAULT CHARSET=latin1;

--
-- Dumping data for table `supermarket`
--

INSERT INTO `supermarket` (`supermarket_id`, `supermarket_name`, `supermarket_image`, `supermarket_url`) VALUES
(1, 'Sainsbury\'s', 'https://www.sainsburys.co.uk/assets/images/logos_logoImage_sainsburys-logo.svg', 'https://www.sainsburys.co.uk/shop/gb/groceries/'),
(2, 'Amazon Fresh', 'https://images-eu.ssl-images-amazon.com/images/G/02/pantry/pantry-shelf-logo._CB519689796_.png', 'https://www.amazon.co.uk/Amazon-Fresh-UK-Grocery-Shopping/b?ie=UTF8&node=6723205031'),
(3, 'ALdi', 'https://cdn.aldi-digital.co.uk/32FDVWu4Lhbxgj9Z3v03ji0pGJIp?&w=70&h=84', 'https://www.aldi.co.uk'),
(4, 'Asda', 'https://www.asda.com/', 'https://groceries.asda.com'),
(5, 'Tesco', 'https://www.tesco.com/groceries/en-GB/', 'https://www.tesco.com'),
(6, 'Morrisons', 'https://groceries.morrisons.com', 'https://groceries.morrisons.com');

--
-- Indexes for dumped tables
--

--
-- Indexes for table `category`
--
ALTER TABLE `category`
  ADD PRIMARY KEY (`category_id`);

--
-- Indexes for table `product`
--
ALTER TABLE `product`
  ADD PRIMARY KEY (`product_id`),
  ADD KEY `product_fk0` (`category_id`);

--
-- Indexes for table `product_price`
--
ALTER TABLE `product_price`
  ADD PRIMARY KEY (`price_id`),
  ADD KEY `product_price_fk1` (`supermarket_id`),
  ADD KEY `product_price_fk0` (`product_id`);

--
-- Indexes for table `supermarket`
--
ALTER TABLE `supermarket`
  ADD PRIMARY KEY (`supermarket_id`);

--
-- AUTO_INCREMENT for dumped tables
--

--
-- AUTO_INCREMENT for table `category`
--
ALTER TABLE `category`
  MODIFY `category_id` int(11) NOT NULL AUTO_INCREMENT, AUTO_INCREMENT=21;

--
-- AUTO_INCREMENT for table `product`
--
ALTER TABLE `product`
  MODIFY `product_id` int(11) NOT NULL AUTO_INCREMENT, AUTO_INCREMENT=51;

--
-- AUTO_INCREMENT for table `product_price`
--
ALTER TABLE `product_price`
  MODIFY `price_id` int(11) NOT NULL AUTO_INCREMENT, AUTO_INCREMENT=550;

--
-- AUTO_INCREMENT for table `supermarket`
--
ALTER TABLE `supermarket`
  MODIFY `supermarket_id` int(11) NOT NULL AUTO_INCREMENT, AUTO_INCREMENT=7;

--
-- Constraints for dumped tables
--

--
-- Constraints for table `product`
--
ALTER TABLE `product`
  ADD CONSTRAINT `product_fk0` FOREIGN KEY (`category_id`) REFERENCES `category` (`category_id`);

--
-- Constraints for table `product_price`
--
ALTER TABLE `product_price`
  ADD CONSTRAINT `fk_product_price_2` FOREIGN KEY (`product_id`) REFERENCES `product` (`product_id`) ON DELETE NO ACTION ON UPDATE NO ACTION,
  ADD CONSTRAINT `product_price_fk1` FOREIGN KEY (`supermarket_id`) REFERENCES `supermarket` (`supermarket_id`);
COMMIT;

/*!40101 SET CHARACTER_SET_CLIENT=@OLD_CHARACTER_SET_CLIENT */;
/*!40101 SET CHARACTER_SET_RESULTS=@OLD_CHARACTER_SET_RESULTS */;
/*!40101 SET COLLATION_CONNECTION=@OLD_COLLATION_CONNECTION */;
